age,resting_hr_bpm,hrv_rmssd_ms,sleep_hours,steps,activity_minutes,skin_temperature_c,respiratory_rate_bpm,hydration_proxy,sleep_debt_hours,previous_day_load,fatigue_level
20,63.23,49.48,7.15,11091,120.51,32.26,18.46,0.678,0.19,83.62,Moderate
39,73.02,35.71,7.9,2963,107.9,32.74,13.69,0.879,0.0,134.98,High
36,45.75,49.38,8.18,12290,53.27,32.52,10.99,0.553,0.43,12.81,Low
30,52.03,35.3,8.15,9597,27.3,34.53,17.28,0.464,0.09,31.72,Low
30,56.62,30.41,6.98,11330,86.71,33.88,14.32,1.0,1.04,41.47,Moderate
42,75.69,51.75,8.7,9584,10.0,32.88,11.63,0.761,0.0,5.0,Low
20,66.26,50.41,,8636,107.52,33.63,15.15,0.779,1.32,78.49,Moderate
37,70.14,57.27,7.83,7729,65.17,32.18,18.21,0.693,0.16,78.58,Moderate
23,54.88,82.97,7.42,9528,130.6,32.7,12.72,0.781,0.57,158.59,High
20,55.04,52.44,7.38,7627,16.74,33.28,20.64,0.523,0.41,16.39,Moderate
32,67.58,55.76,6.25,10930,101.38,33.54,13.66,0.611,1.65,100.03,High
45,64.47,30.76,7.91,4057,68.78,33.13,15.69,0.734,0.0,58.37,Low
38,68.39,27.41,10.0,6983,61.41,33.39,12.82,0.425,0.0,68.96,Low
39,62.5,73.33,6.67,14225,28.17,33.26,15.59,0.681,0.73,14.56,Moderate
38,66.23,33.22,7.18,6746,91.06,33.08,15.21,0.673,1.2,85.18,High
40,65.26,31.3,6.59,7831,93.64,32.98,12.22,0.681,0.87,103.48,Moderate
32,70.22,47.37,6.54,6028,129.12,32.88,21.72,0.648,2.14,98.43,High
21,70.46,46.56,8.88,9440,104.26,33.37,14.41,0.591,0.0,94.47,Low
41,51.04,33.56,6.33,6438,53.0,33.51,14.41,,2.28,45.45,Moderate
30,46.02,43.12,6.55,7980,39.88,33.35,17.63,0.739,1.32,27.87,Moderate
32,72.01,67.67,5.27,10876,28.21,32.32,19.49,0.681,2.18,18.41,High
28,73.5,35.1,6.23,6543,119.14,32.45,17.98,0.541,2.22,155.93,High
23,55.84,25.7,5.14,10708,47.1,33.5,12.86,0.728,3.36,52.85,High
43,49.12,63.08,7.83,10802,119.37,34.3,15.97,0.682,0.0,114.81,Low
39,64.79,55.88,10.0,11453,88.8,33.31,11.36,0.66,0.0,103.94,Low
36,71.45,38.07,6.68,8893,82.56,32.89,17.48,0.44,1.0,105.35,High
29,78.38,22.69,5.18,17575,62.18,33.37,11.9,0.809,2.77,71.51,High
41,68.13,36.09,8.13,11452,93.14,32.35,13.73,0.56,0.0,108.61,Moderate
33,61.03,47.12,6.26,9409,71.5,34.18,15.49,0.728,1.61,82.05,High
30,56.85,66.65,8.59,6047,60.19,33.34,16.48,0.615,0.0,30.65,Low
30,64.09,31.41,6.78,8228,94.27,32.7,14.93,0.669,1.02,141.4,High
24,61.61,46.65,6.37,12493,67.39,33.07,18.84,0.87,1.87,81.18,High
20,55.88,58.8,6.9,13286,46.45,32.8,17.09,0.789,1.03,20.63,Low
33,80.39,12.0,7.97,12639,91.19,34.18,16.92,0.867,0.0,86.99,Moderate
42,78.28,64.54,6.84,10698,69.95,33.05,12.8,0.763,0.84,58.47,Moderate
19,73.09,29.08,6.53,4984,87.65,33.32,19.24,0.771,1.26,65.42,High
42,56.63,53.31,6.87,9864,57.48,33.63,13.73,0.488,1.62,64.16,Moderate
41,70.84,51.95,5.64,5024,33.31,32.64,19.32,0.679,1.96,43.4,High
25,69.12,65.35,7.56,4335,127.52,33.35,19.95,0.691,0.7,188.18,High
35,67.54,,5.05,9169,121.49,33.41,16.63,0.879,2.97,105.81,High
22,74.0,12.0,6.59,9964,100.28,32.03,17.77,0.654,1.5,112.76,High
39,69.08,35.44,7.97,11029,59.59,33.39,9.0,0.754,0.0,76.29,Low
37,69.92,50.21,,9891,62.39,33.17,15.07,0.749,0.43,84.76,Moderate
27,69.1,44.88,7.78,9988,116.23,33.3,17.92,,0.22,132.15,Moderate
19,66.73,55.64,7.03,5742,60.68,33.23,17.53,0.703,0.79,64.46,Moderate
45,49.73,60.63,8.45,8206,51.76,33.39,12.82,0.828,0.0,46.26,Low
30,64.67,57.74,8.16,4280,131.91,34.2,14.85,0.498,0.0,93.47,Moderate
43,59.55,44.57,7.61,2890,70.47,32.32,9.92,0.51,1.15,44.85,Low
36,53.76,18.46,8.17,10573,128.59,32.94,16.41,0.423,0.0,125.21,Moderate
39,77.45,40.71,7.96,6391,27.25,33.7,11.36,0.822,0.0,34.22,Low
39,77.83,54.66,6.59,10942,88.58,33.56,17.99,0.808,1.81,92.64,High
23,74.87,30.55,,11603,138.27,33.54,18.1,0.837,2.37,99.63,High
28,66.04,58.1,7.58,6765,72.95,35.27,14.46,0.632,1.12,45.86,Low
31,74.81,62.53,7.73,10152,63.55,33.66,16.65,0.647,0.79,21.59,Low
31,64.1,50.03,8.35,6648,34.63,34.05,15.02,0.704,0.0,46.14,Low
19,65.62,12.0,6.02,3331,106.63,32.97,16.03,0.908,2.23,81.76,High
33,55.25,27.55,6.06,8845,47.36,32.46,12.98,0.94,1.73,38.57,Moderate
22,67.18,78.18,7.63,7181,68.97,32.96,16.87,0.823,0.37,71.11,Low
38,64.48,39.26,7.02,7267,32.5,33.73,11.89,0.763,1.22,14.65,Moderate
37,53.58,16.25,4.93,14030,121.82,33.51,11.47,0.894,3.46,105.17,High
43,63.59,67.76,7.53,4227,108.96,33.5,15.23,0.687,0.78,167.46,High
38,63.36,48.21,4.97,9572,70.99,33.04,15.04,0.669,3.06,87.47,High
28,78.38,65.68,6.01,5714,35.07,32.92,16.1,0.703,2.86,41.49,Moderate
45,71.15,52.43,8.65,11043,121.15,33.07,14.07,0.593,0.0,101.76,Moderate
29,64.09,55.34,9.2,9335,60.29,33.74,19.65,0.697,0.0,41.22,Low
27,65.99,53.81,5.7,9562,36.63,33.83,15.85,0.575,1.8,39.36,High
43,64.35,59.16,6.72,5854,15.61,32.45,16.01,0.853,1.79,34.59,Moderate
28,62.38,84.44,7.15,6356,51.33,,15.93,0.791,0.82,43.97,Low
20,55.34,63.54,9.15,11096,25.45,32.71,17.71,0.906,0.0,9.3,Low
31,62.79,22.71,6.53,13458,52.07,33.55,16.77,0.508,1.28,57.76,Moderate
40,58.03,55.15,6.55,9844,95.82,33.06,16.47,,1.29,83.61,Low
23,54.0,66.26,,5987,59.99,34.37,17.12,0.516,0.0,30.03,Low
30,68.09,67.24,,9449,83.38,32.89,11.49,0.564,1.5,82.76,High
21,67.13,41.17,7.93,15296,48.85,33.33,11.57,0.639,0.04,67.25,Moderate
37,49.71,66.64,5.4,8786,74.09,33.65,15.33,0.89,2.75,78.97,High
31,63.02,62.84,6.9,12593,133.47,32.54,15.07,0.749,1.22,122.45,Moderate
27,71.97,89.16,5.19,6427,60.85,33.15,16.78,0.688,2.66,42.71,High
24,72.47,36.0,5.89,8382,84.3,33.0,15.54,0.617,1.6,41.83,High
33,72.21,39.88,8.07,10234,21.9,32.81,16.78,0.541,0.0,27.55,Low
36,64.31,43.1,7.04,9612,120.64,32.87,12.76,0.867,2.02,119.31,Moderate
44,57.24,40.16,6.73,6354,56.73,34.03,15.48,0.824,1.78,38.3,High
30,55.33,33.76,6.24,6233,105.62,32.75,12.55,0.896,2.23,128.41,High
22,66.76,12.0,6.85,11267,68.06,33.62,16.35,0.772,0.92,83.41,High
41,67.03,41.04,7.45,11836,91.57,33.44,11.37,0.377,0.56,73.95,Low
35,74.3,53.91,8.23,12734,93.47,32.15,16.27,0.558,0.0,44.68,Low
37,72.8,40.11,4.08,13551,57.52,33.59,12.27,0.78,3.46,57.33,High
20,62.94,78.97,6.14,8876,106.94,32.14,14.66,0.672,1.65,143.24,High
26,54.05,48.21,7.28,7628,47.71,33.67,17.47,0.647,1.18,35.88,Low
39,61.45,68.66,6.99,12282,96.89,32.82,16.0,0.577,1.31,120.77,Moderate
41,65.74,52.18,7.56,10496,59.51,33.21,11.88,0.843,0.1,48.17,Low
30,62.38,61.22,7.41,5749,83.19,32.23,14.02,0.779,0.48,75.55,Moderate
40,59.38,52.47,6.75,5605,57.22,33.29,12.2,0.785,1.51,46.55,Moderate
41,66.02,69.9,6.49,9877,73.6,33.9,11.77,0.638,1.31,101.45,Moderate
28,59.97,48.9,6.82,8003,37.61,32.59,15.76,0.743,1.21,18.81,Moderate
43,58.98,55.94,8.42,8425,79.92,32.74,16.73,0.546,0.0,69.98,Low
26,66.49,53.86,6.26,11503,73.41,33.54,16.47,0.703,1.88,88.8,Moderate
24,60.78,43.39,7.03,10625,54.72,33.56,16.83,0.391,1.06,37.98,Moderate
37,65.95,54.48,7.31,12223,70.24,31.37,15.47,0.516,0.46,91.95,Moderate
35,66.19,83.75,8.89,3091,76.29,34.71,14.9,0.678,0.0,49.65,Low
21,54.88,43.67,6.75,9209,52.28,33.6,13.14,1.0,0.85,61.43,Moderate
41,60.15,54.71,8.2,10445,67.88,33.72,14.53,0.486,0.0,62.52,Low
23,75.5,68.12,8.52,4225,39.82,33.09,12.59,0.558,0.0,31.55,Low
40,54.7,66.24,7.03,6666,147.06,31.81,13.64,0.748,1.26,175.23,High
18,47.07,48.19,6.86,6146,105.89,33.71,15.7,0.95,0.66,109.54,Moderate
40,49.11,12.0,6.72,8560,80.74,32.78,15.24,0.746,1.37,100.84,High
40,64.23,56.27,6.81,13057,109.51,33.61,22.24,0.811,1.47,132.62,High
39,64.25,12.49,8.08,14163,10.0,33.04,12.54,0.676,0.0,5.0,Low
36,63.06,71.52,7.37,6219,10.0,33.38,15.22,0.654,0.54,9.26,Low
31,73.71,50.71,7.37,9974,59.22,32.62,12.37,0.731,1.21,66.57,Low
37,45.0,63.99,5.81,10064,27.89,33.85,14.65,0.634,2.39,32.75,Moderate
25,67.17,33.57,5.99,9585,64.43,32.31,14.74,0.814,1.36,82.98,High
39,76.49,23.16,9.56,9617,78.58,34.88,17.36,0.511,0.0,93.34,Low
33,54.98,52.17,6.9,9350,101.45,34.88,14.51,0.836,0.84,84.08,Moderate
30,60.96,47.46,6.21,13225,35.58,34.42,15.08,0.725,2.03,31.51,Moderate
32,57.98,40.14,8.75,11586,84.79,34.16,14.55,,0.0,55.1,Low
33,56.85,49.35,7.42,5531,72.46,33.14,12.42,0.506,0.56,72.76,Low
19,61.39,92.28,7.76,10728,83.12,34.07,14.07,0.593,0.05,89.51,Low
21,75.42,61.35,6.94,10998,55.37,33.13,14.66,0.876,1.06,86.7,Moderate
24,78.7,64.79,6.73,9381,116.26,32.03,15.66,0.693,1.07,127.47,High
21,61.31,61.5,6.9,11667,68.69,34.33,16.73,0.756,1.02,87.93,Moderate
30,79.24,71.67,5.51,9026,128.77,34.05,14.98,0.606,2.08,138.73,High
36,64.28,44.96,7.0,9061,46.71,33.18,14.95,0.716,1.17,58.95,Low
36,78.03,15.12,7.44,8839,95.77,32.28,11.71,0.542,0.62,102.06,Moderate
31,63.25,44.98,9.23,2848,70.09,32.76,16.69,0.733,0.0,97.97,Low
41,65.05,60.99,7.2,8274,61.51,31.83,13.97,0.768,1.15,81.44,Moderate
33,66.92,32.48,4.42,6628,92.23,33.91,17.14,0.762,3.52,107.86,High
20,89.43,45.18,6.99,5177,62.43,32.0,18.4,0.603,1.06,31.79,Moderate
39,70.81,36.93,10.0,12515,10.0,33.42,15.09,0.676,0.0,5.0,Low
34,58.34,72.03,8.1,9911,10.0,32.57,13.25,0.79,0.02,22.64,Low
35,71.75,59.99,6.17,8416,112.72,32.13,15.46,0.693,2.24,112.82,High
33,61.11,58.42,7.78,6918,111.37,33.38,16.27,0.683,0.12,99.34,Low
33,60.08,57.95,6.25,9329,132.39,,14.81,0.967,2.12,115.47,High
20,71.27,47.4,5.54,11276,71.44,33.83,14.26,0.596,2.5,83.13,High
33,64.25,51.16,6.7,6184,30.64,32.25,16.74,0.86,1.48,29.48,Moderate
40,66.23,29.04,7.21,8486,58.57,32.63,16.59,0.57,0.94,54.19,Moderate
26,64.11,13.02,4.95,10930,72.37,31.41,14.74,0.805,3.49,93.96,High
34,66.69,50.4,5.78,3079,39.77,31.56,11.86,0.812,2.47,51.23,Moderate
18,67.4,53.18,7.11,8338,124.75,34.55,16.5,0.654,0.73,150.93,High
27,48.5,67.35,6.63,7297,143.66,34.76,13.81,0.562,1.14,181.84,High
30,69.33,73.14,7.55,8125,87.3,33.27,15.97,0.464,0.43,136.76,Moderate
45,56.14,73.12,5.7,7095,71.65,32.58,15.83,0.64,2.03,74.99,Moderate
24,52.46,32.03,7.92,8885,30.56,32.98,11.34,0.788,0.0,42.36,Low
25,63.53,42.36,5.74,13886,121.49,33.86,15.68,0.58,1.52,148.76,High
29,64.67,55.69,8.99,7593,74.44,32.81,16.63,0.733,0.0,70.9,Low
45,58.45,88.51,5.13,9316,62.75,33.38,16.9,0.528,3.57,59.85,High
41,70.65,71.68,5.84,14085,87.4,33.19,15.76,0.69,1.93,80.14,High
18,53.26,65.91,7.58,6959,53.26,32.77,11.15,0.571,1.09,30.31,Low
24,60.74,41.8,9.01,13581,76.7,32.81,18.31,,0.0,100.79,Low
41,59.32,33.87,7.46,8514,25.84,33.42,16.4,0.655,0.52,19.75,Low
19,63.63,60.62,7.75,13489,106.79,32.47,12.85,0.565,0.0,94.1,Low
41,66.23,30.39,7.12,10600,68.66,33.54,13.77,0.634,0.88,47.1,Moderate
25,55.94,44.19,5.92,9359,109.08,32.85,16.01,0.599,2.74,144.85,High
43,69.79,46.16,6.54,8316,65.56,33.3,17.0,0.549,2.01,64.3,High
26,64.5,73.49,5.71,6752,67.64,34.24,14.43,0.861,2.39,67.64,High
30,48.86,42.32,,8712,33.21,33.07,17.32,0.673,1.97,34.06,High
36,48.33,12.0,7.56,11012,96.31,33.89,11.56,0.434,0.1,135.24,Moderate
21,63.9,56.07,5.81,8463,43.97,31.86,13.21,0.639,1.89,42.44,High
33,62.23,36.82,7.47,7613,56.43,32.85,10.96,0.839,0.98,29.54,Moderate
32,63.17,48.68,5.6,7797,72.03,33.22,13.53,0.621,2.97,135.07,High
39,63.78,46.61,7.44,11278,75.88,34.64,18.82,0.915,0.63,19.32,Low
45,65.8,43.62,6.54,11930,17.4,31.73,20.03,0.609,1.36,50.22,Moderate
36,71.58,60.65,8.72,6631,64.61,33.13,16.02,0.785,0.0,50.95,Low
29,55.11,23.47,7.47,6627,97.45,34.29,14.1,0.855,0.19,88.55,Moderate
29,54.62,39.73,8.52,9562,59.89,32.61,15.01,0.779,0.0,58.41,Low
29,55.25,58.94,6.23,12777,64.81,33.04,16.54,0.541,1.93,35.24,Moderate
40,66.31,38.17,7.16,11708,77.2,33.45,12.06,0.597,0.53,77.97,Low
26,73.96,,5.97,4994,67.97,33.34,14.24,0.872,1.81,72.54,High
22,60.55,58.7,6.62,7760,39.02,34.37,18.66,0.615,1.13,22.12,Low
27,45.0,65.97,6.8,5894,70.84,33.54,13.2,0.847,1.7,63.39,Low
18,50.37,47.28,6.27,7750,103.81,34.2,13.85,0.664,2.4,82.0,Moderate
20,57.34,16.63,5.7,12992,38.36,32.93,15.53,0.738,2.34,40.8,High
20,59.54,59.3,5.47,4516,60.02,32.64,16.12,0.54,2.43,47.71,Moderate
39,60.73,21.44,4.41,3967,27.79,33.03,14.12,0.641,3.38,8.99,High
38,64.31,52.94,5.89,6180,102.12,32.33,15.67,0.606,2.12,137.45,High
37,61.51,33.8,7.82,9304,69.04,33.56,16.84,0.749,0.0,66.63,Low
30,72.39,29.44,5.26,10238,44.79,32.91,19.82,0.732,2.7,20.73,High
38,58.59,40.93,5.53,9724,74.95,32.7,15.22,0.78,2.62,57.42,High
22,57.1,45.07,9.16,11791,33.48,33.57,15.41,0.656,0.0,25.27,Low
43,67.83,37.69,6.37,3563,38.93,32.34,18.86,0.599,1.57,30.74,High
32,51.71,57.42,7.47,11827,25.28,33.78,14.29,0.744,0.47,28.13,Low
44,67.12,40.86,7.84,7626,37.86,32.84,12.59,0.586,0.05,52.91,Moderate
22,64.82,63.68,7.86,10548,115.43,34.07,16.05,0.86,0.0,112.43,Moderate
31,62.82,52.5,5.35,4794,48.54,32.91,17.87,0.705,2.92,27.15,High
37,76.71,36.84,6.83,8513,86.92,33.67,16.29,0.678,0.55,102.14,High
31,59.02,34.14,5.24,9161,45.24,33.33,15.29,0.78,3.31,42.13,High
30,80.48,21.64,9.91,11736,96.31,,12.31,0.71,0.0,87.18,Low
22,62.2,52.65,5.27,4061,39.17,33.28,15.37,0.504,2.95,61.02,High
28,53.78,42.33,5.89,8586,73.26,31.95,18.21,0.582,2.36,82.94,High
24,64.56,12.0,5.9,5461,73.69,33.96,12.78,0.858,1.85,87.37,High
26,55.39,39.43,5.38,9915,146.49,33.13,14.96,0.731,2.3,159.26,High
37,57.99,33.58,8.66,10676,92.17,33.79,14.65,0.501,0.0,149.47,Moderate
35,67.18,73.21,9.89,12104,53.03,33.72,13.97,0.766,0.0,75.33,Low
35,68.44,20.76,6.55,7001,93.92,32.62,16.05,0.647,1.69,111.14,High
28,59.02,24.94,5.58,11096,140.42,32.51,16.48,0.606,2.21,143.71,High
44,71.9,65.76,4.53,12310,19.85,33.69,16.45,0.571,3.69,12.53,High
20,73.26,69.71,6.82,3898,45.04,32.97,13.35,0.85,0.35,30.21,Moderate
27,75.49,36.08,6.74,10214,64.42,33.9,11.88,0.464,1.13,75.09,High
21,68.24,37.89,6.35,11183,58.65,33.07,16.08,0.611,2.06,54.14,Moderate
27,74.91,57.86,7.35,7775,61.35,33.97,14.39,0.736,0.59,67.98,Low
44,48.95,12.0,7.55,5109,30.26,33.52,19.54,0.925,0.16,22.43,Low
28,61.46,18.22,,11140,116.93,33.42,19.65,0.792,0.3,152.1,High
43,57.06,43.51,6.74,5141,26.48,32.92,19.88,0.61,0.2,13.93,Moderate
31,64.95,72.8,5.83,8000,65.59,33.37,13.43,0.919,1.81,54.18,Moderate
37,59.43,41.03,7.87,8387,105.47,34.09,16.75,0.544,0.5,74.76,Low
30,62.67,,7.11,10503,71.03,33.16,17.42,0.754,0.68,58.78,Moderate
25,79.06,66.14,8.12,6745,40.66,33.6,17.17,0.783,0.0,12.34,Low
39,62.64,81.71,8.01,6583,28.84,33.23,14.72,0.605,0.0,9.04,Low
45,67.31,38.77,5.46,8776,64.64,33.29,18.31,0.811,1.96,58.09,High
25,62.14,47.73,5.45,11317,47.78,34.49,15.5,0.653,2.97,33.28,High
39,64.61,77.15,6.23,14904,78.57,34.1,15.78,0.81,1.98,66.37,Moderate
25,64.05,23.64,5.89,4279,27.15,33.26,12.12,0.481,1.66,62.54,High
38,67.59,64.44,7.97,9382,98.02,33.36,16.92,0.764,0.0,94.8,Moderate
40,73.32,31.71,7.5,5457,75.7,32.67,14.93,0.666,0.49,86.16,Moderate
30,77.18,49.64,8.36,11352,78.07,33.07,16.52,0.869,0.0,56.59,Moderate
38,66.48,44.12,7.56,5872,118.11,33.43,16.02,0.714,0.0,112.51,Moderate
25,68.72,32.67,7.34,6610,57.99,33.84,15.9,0.882,0.6,55.24,Moderate
20,54.79,32.27,8.48,6850,48.77,33.76,15.4,0.786,0.0,76.12,Low
20,63.3,52.42,7.64,8286,54.47,32.37,17.23,0.703,0.57,54.79,Low
30,71.52,,7.18,9404,65.84,33.93,15.06,0.822,1.13,90.04,High
43,70.93,45.92,8.8,9854,69.09,33.13,12.3,0.823,0.0,38.75,Low
21,65.69,49.12,7.23,8483,45.42,32.46,16.75,0.781,0.79,41.54,Low
30,71.09,57.14,6.75,4776,10.0,34.2,13.72,0.422,1.16,24.67,Moderate
37,67.93,32.45,6.14,10537,54.05,34.3,12.59,0.592,1.83,43.71,Moderate
23,73.6,59.84,7.91,8351,83.51,33.4,13.25,0.9,0.02,123.93,Moderate
38,66.31,61.11,8.52,11752,76.36,33.73,16.12,0.557,0.0,81.49,Low
26,61.15,89.66,7.04,6518,110.39,33.78,15.29,0.835,0.0,92.17,Low
40,66.69,41.98,8.6,4013,134.58,34.25,10.81,0.812,0.0,80.19,Low
34,45.0,40.67,4.83,8404,96.3,33.75,14.66,0.626,3.28,134.11,High
33,67.06,60.3,7.04,12128,116.24,32.2,18.07,0.461,0.44,165.43,High
22,45.0,61.11,7.05,8950,96.54,34.71,14.51,0.646,1.11,104.76,Moderate
30,50.21,39.44,6.26,7940,126.72,34.0,15.14,0.99,1.58,129.43,High
41,67.61,41.55,9.84,6063,131.23,32.82,17.79,0.608,0.0,132.96,Low
18,67.82,56.66,7.02,13421,102.44,,17.25,0.617,0.71,100.87,Moderate
39,54.7,34.76,6.63,5617,94.6,,17.75,0.59,1.56,71.98,Moderate
31,58.3,41.43,7.13,6468,65.43,32.99,9.4,0.878,0.59,58.68,Low
38,74.96,49.43,4.8,10096,70.68,33.45,19.31,0.688,2.82,85.36,High
36,60.13,63.94,6.23,3303,61.19,33.76,16.9,0.639,2.17,67.37,Moderate
30,81.94,38.33,8.23,12068,91.88,32.78,20.92,0.904,0.0,74.16,Moderate
26,63.98,18.52,6.38,10247,48.95,32.36,13.78,0.795,1.57,41.55,Moderate
35,67.26,17.33,6.15,11017,65.88,33.49,11.62,0.6,2.1,62.75,High
21,76.93,27.85,8.61,10062,10.0,32.8,15.52,0.561,0.0,7.63,Low
34,65.05,26.99,8.64,8048,127.14,33.31,14.89,0.871,0.0,107.9,Moderate
20,55.98,45.53,7.69,5523,64.94,32.19,16.94,0.722,0.41,46.32,Low
36,63.12,28.98,6.58,8107,86.58,33.01,17.86,0.519,0.88,100.91,High
35,63.72,36.76,6.82,5769,118.65,33.74,15.31,0.488,1.25,77.77,High
20,53.08,35.61,6.18,9861,81.61,33.65,14.97,0.575,1.56,81.18,High
39,61.95,40.95,5.96,10758,118.22,,16.65,0.559,2.34,106.33,High
29,58.06,69.16,5.9,12635,32.26,32.32,14.94,0.454,2.29,65.63,High
40,71.39,58.59,6.39,9540,148.72,33.21,14.75,0.577,1.76,141.59,High
19,64.28,48.26,5.91,11088,106.79,33.62,17.78,0.601,1.53,156.47,High
23,61.74,40.62,5.3,7667,78.69,33.5,18.27,0.66,2.66,75.31,High
31,63.15,41.07,7.35,7160,117.6,32.82,17.88,0.94,0.24,147.79,High
23,65.78,53.24,7.37,9826,34.6,33.42,15.13,0.685,0.62,36.34,Low
27,68.93,57.35,9.06,7417,62.76,34.33,10.79,0.698,0.0,65.0,Low
36,56.0,33.48,6.33,9253,118.22,33.35,15.17,0.786,1.13,149.84,High
22,55.67,48.58,7.44,5528,12.25,31.98,13.83,0.689,0.98,18.69,Low
36,72.84,,7.46,6031,89.93,33.35,15.21,0.772,0.67,94.52,Moderate
20,60.7,51.39,6.81,10279,89.03,34.73,14.02,0.756,1.07,93.22,High
22,52.67,60.19,7.96,10982,135.02,32.23,15.45,0.736,0.0,126.63,Moderate
34,67.55,43.52,7.99,5740,21.35,33.22,13.21,1.0,0.0,25.52,Low
40,67.71,77.06,7.48,10377,123.51,33.03,12.68,0.838,0.59,164.41,Moderate
22,51.75,33.9,6.81,7008,54.1,33.27,18.19,0.579,1.07,49.77,Moderate
26,65.84,51.48,6.69,8546,57.7,33.35,13.37,0.768,1.85,55.99,Moderate
43,69.88,47.43,5.53,12467,32.9,34.05,15.5,0.617,2.41,30.16,High
45,67.0,46.4,6.17,10760,37.19,33.26,17.6,0.778,1.85,49.61,High
34,69.06,46.17,6.38,10728,84.91,34.16,17.51,0.541,1.13,63.64,High
30,52.77,49.71,5.81,13844,36.41,33.11,17.25,0.576,2.07,30.13,Moderate
27,66.65,61.57,7.61,6529,95.69,32.94,16.17,0.765,0.46,90.05,Low
35,61.58,70.04,8.48,5739,50.79,32.7,17.09,0.85,0.0,24.65,Low
34,60.14,47.96,6.06,6478,33.18,31.84,18.52,0.785,1.77,65.75,High
26,70.96,61.05,7.43,7787,55.11,,16.44,0.831,0.69,10.83,Low
18,75.83,36.77,5.91,1907,82.77,34.74,11.46,0.769,2.62,127.32,High
22,78.35,60.26,6.75,7919,63.12,33.54,14.34,0.742,1.3,57.7,Moderate
44,74.52,35.81,6.31,6975,73.09,33.72,17.03,0.655,2.09,53.99,High
29,63.12,65.45,7.79,10694,94.28,32.89,14.12,0.826,0.43,100.87,Low
31,66.82,83.37,6.32,9486,106.64,33.02,19.06,0.853,2.06,126.62,High
31,70.13,46.05,8.26,6818,62.08,33.94,15.36,,0.0,73.68,Low
39,64.97,12.92,6.82,10151,38.58,34.71,15.69,0.705,1.11,38.95,Moderate
19,65.05,39.23,6.35,10525,74.44,34.32,17.97,0.927,1.58,44.69,Moderate
20,70.59,67.71,5.66,6348,87.06,33.8,15.1,0.717,2.53,110.01,High
25,63.53,56.85,7.39,7119,25.26,33.23,15.89,0.73,0.89,5.0,Low
31,58.17,51.98,8.13,2268,43.5,33.36,17.48,0.783,0.0,48.08,Low
36,60.68,64.14,7.41,5446,48.99,32.63,12.26,0.707,0.89,47.69,Low
31,69.07,55.75,9.67,6421,65.35,32.11,14.87,0.613,0.0,40.94,Low
30,64.02,67.48,8.74,8707,47.65,32.35,17.32,0.769,0.0,40.76,Low
44,66.72,62.71,6.75,5852,94.63,33.24,15.64,0.715,1.61,99.7,Moderate
22,69.36,72.35,6.73,7062,20.64,32.98,18.73,0.959,1.5,27.63,Moderate
34,61.0,53.74,7.64,5069,21.45,32.1,12.03,0.822,0.41,14.59,Low
33,70.05,62.48,6.14,8979,61.32,33.17,11.78,0.643,2.11,65.09,Moderate
31,67.03,43.09,,9692,66.38,32.96,17.19,0.815,0.0,52.98,Low
40,54.12,38.38,7.52,9626,25.45,32.32,17.4,0.76,0.55,6.23,Low
25,75.54,75.31,7.39,8534,52.58,32.92,15.07,0.89,0.71,38.64,Low
44,59.99,51.46,7.89,4184,59.17,32.96,16.38,0.652,0.0,59.3,Low
27,50.76,60.88,9.08,6764,59.41,32.74,17.14,0.745,0.0,56.16,Low
33,55.64,49.98,7.3,7359,76.86,33.9,13.71,0.707,0.27,64.96,Low
32,55.83,38.62,6.97,7370,50.83,31.77,13.94,0.728,0.88,73.28,Moderate
41,64.42,48.18,8.84,8709,119.29,31.71,15.92,0.605,0.0,137.06,Moderate
30,61.81,70.98,8.21,12491,87.62,33.2,17.49,0.795,0.0,70.32,Low
25,61.31,56.88,6.73,10773,46.17,33.27,12.93,0.774,1.3,28.28,Low
18,68.96,20.62,7.11,5734,75.02,33.5,15.06,0.887,0.92,83.91,Moderate
28,66.72,44.56,7.32,10399,75.97,32.8,14.96,0.719,0.39,115.49,Moderate
41,66.53,76.52,7.52,10292,110.87,32.51,16.42,0.666,0.68,79.12,Moderate
18,67.28,44.58,5.54,6243,52.79,33.19,15.48,0.823,2.19,33.05,High
43,68.93,19.19,5.33,10876,96.55,32.87,14.3,0.617,3.47,111.7,High
33,47.14,78.29,6.08,8050,73.34,34.36,18.25,0.861,1.88,62.66,Moderate
21,61.08,58.92,5.99,4552,119.73,32.96,14.31,0.861,1.6,108.53,High
26,46.56,46.88,6.36,9774,113.31,33.16,14.86,0.883,1.3,170.33,High
33,64.29,42.06,7.83,9107,78.3,35.06,12.0,0.769,0.57,95.75,Low
26,63.96,65.32,6.91,7862,63.61,33.05,13.93,0.657,0.95,94.78,Moderate
21,72.36,39.33,7.33,8395,88.21,33.62,16.64,0.734,0.2,93.19,Moderate
36,73.5,66.37,5.69,6486,66.23,33.68,16.21,0.769,2.61,92.1,High
36,65.62,56.68,6.57,10208,125.77,33.75,16.82,0.647,1.29,169.93,High
21,60.0,51.91,7.78,8378,74.51,,16.71,0.893,0.45,100.72,Moderate
25,67.88,50.33,7.78,8966,59.02,33.35,20.09,0.795,0.54,113.46,High
24,59.78,45.2,6.27,9499,57.29,33.28,13.85,0.604,1.83,69.29,High
36,63.99,64.73,7.29,5267,33.18,32.77,11.94,0.965,1.55,28.53,Low
38,71.89,,9.63,5996,89.81,33.44,13.19,0.733,0.0,95.71,Low
38,59.54,22.05,7.08,2312,45.76,34.72,13.95,0.578,0.63,63.57,Moderate
44,70.45,57.83,6.3,10081,107.14,34.11,13.36,0.612,1.61,145.68,High
39,69.42,58.1,6.9,5105,30.63,33.43,15.71,0.913,1.89,36.38,Moderate
26,56.36,55.68,7.21,8871,76.07,33.84,18.26,0.957,1.42,65.61,Low
21,71.79,54.52,6.93,9538,108.81,32.55,18.89,0.851,1.52,99.09,High
35,69.59,42.87,7.06,10186,10.0,33.0,16.61,0.892,0.66,5.0,Moderate
43,64.82,60.6,5.44,5128,136.58,33.91,20.21,0.878,2.32,138.9,High
45,57.9,47.27,5.99,8317,58.39,34.32,14.72,0.792,1.72,64.39,High
24,57.13,40.21,6.93,13176,76.52,32.62,11.91,0.763,0.8,46.35,Low
24,59.7,43.01,6.91,13300,90.29,32.84,17.82,0.79,1.61,101.4,High
19,68.34,80.33,6.45,11264,95.24,34.84,11.46,0.816,1.47,89.35,Moderate
21,56.35,20.24,6.9,9444,80.76,33.27,13.84,0.624,1.06,93.52,High
33,67.5,56.0,7.17,5685,103.92,34.57,16.64,0.815,1.1,135.92,High
33,54.07,21.13,8.12,10512,88.61,33.36,15.27,0.91,0.0,77.95,Low
28,62.37,46.27,6.99,8057,128.35,33.38,15.08,0.693,1.03,142.16,High
26,64.88,41.06,7.56,10069,88.71,32.97,12.9,0.679,0.06,110.03,Moderate
41,83.56,14.64,6.48,6728,134.87,33.91,15.48,0.782,1.42,140.63,High
30,52.98,54.22,7.76,8015,100.83,34.22,17.71,,0.04,147.21,Moderate
40,75.78,41.92,7.53,8959,14.22,32.42,15.54,0.549,0.24,17.7,Moderate
44,65.2,14.41,8.1,9189,155.56,32.94,13.67,0.869,0.0,111.26,Moderate
26,67.29,61.43,7.92,9882,53.62,33.89,12.76,0.661,0.16,61.31,Moderate
23,64.95,70.96,7.78,6878,119.86,33.1,13.72,0.722,0.15,107.24,Moderate
44,67.56,71.84,6.99,4738,72.86,32.83,16.36,0.641,1.14,38.57,Low
35,62.77,53.74,,13049,105.95,33.96,16.26,,0.31,69.48,Moderate
26,75.63,48.74,8.32,15469,49.97,34.03,13.74,0.831,0.0,46.56,Low
35,60.35,69.25,6.35,9752,92.02,32.86,10.64,0.689,1.58,58.7,Moderate
32,73.06,74.92,6.38,4792,63.9,33.36,16.42,0.567,1.45,60.48,High
43,58.85,66.14,7.31,6335,122.53,32.29,13.53,0.675,0.41,112.31,Moderate
25,63.52,32.94,7.58,9925,86.04,32.53,17.02,0.794,0.34,109.34,Moderate
45,55.42,51.22,6.15,12255,101.95,33.29,13.84,0.745,2.5,122.24,High
44,67.64,55.03,7.01,5103,10.0,33.22,13.33,0.734,0.96,8.11,Moderate
23,75.56,19.05,6.99,8151,69.26,32.47,15.84,0.748,0.61,60.99,Moderate
22,63.38,55.51,4.55,9048,85.14,32.66,20.69,0.819,3.77,92.16,High
32,62.42,84.37,6.85,10920,79.16,32.4,17.15,0.715,0.99,104.55,Moderate
19,55.08,58.24,6.92,7537,102.76,33.54,15.8,0.779,1.18,125.39,Moderate
26,62.17,71.57,6.92,4121,60.29,31.72,16.29,0.592,0.87,80.68,Moderate
30,51.26,50.93,8.73,10239,73.56,32.44,11.65,1.0,0.0,69.03,Low
45,56.7,46.83,5.7,11649,109.8,,13.03,0.683,2.09,138.7,High
45,65.81,54.1,,8268,10.0,33.51,9.98,0.746,2.34,14.3,Moderate
22,74.55,34.95,4.1,9634,90.86,31.85,19.31,0.794,3.54,91.93,High
42,86.47,32.58,6.55,7171,61.32,33.22,18.86,0.667,1.35,31.61,High
20,59.31,68.26,6.65,6131,42.81,34.43,16.36,0.721,1.84,25.14,Low
38,75.48,69.96,6.51,11373,82.77,34.46,15.8,0.719,1.55,73.1,High
41,65.95,32.14,8.37,9584,111.28,31.85,12.09,0.601,0.42,101.15,Moderate
42,62.79,63.49,8.09,9873,105.25,33.42,15.02,0.777,0.0,137.2,Moderate
24,67.46,46.61,7.19,12705,67.68,32.46,19.44,0.506,0.9,87.61,High
43,64.5,53.44,6.67,5546,100.02,32.31,15.79,0.948,1.99,113.88,High
21,64.88,55.36,8.28,6954,99.78,33.11,14.26,0.823,0.0,117.74,Moderate
32,60.73,63.91,7.08,8942,69.2,34.12,11.63,0.803,0.35,50.32,Low
31,52.82,49.32,6.16,6919,49.82,33.65,18.54,0.494,1.56,52.52,High
26,51.65,70.56,5.13,10692,51.67,32.66,15.35,0.617,3.16,54.95,High
18,69.23,52.95,6.59,7975,98.81,33.73,11.64,0.901,0.84,109.66,Moderate
39,61.79,57.99,7.97,5720,70.65,31.52,13.47,1.0,0.24,92.64,Low
27,59.23,34.67,9.72,8684,38.52,32.64,12.69,0.875,0.0,67.26,Low
36,64.07,82.54,7.17,8976,18.08,32.58,15.21,0.855,1.53,5.0,Low
29,70.36,55.52,6.22,11117,98.62,33.26,15.96,0.788,2.15,116.75,High
28,65.44,59.41,5.74,9600,54.5,33.05,14.39,0.61,2.39,37.88,Moderate
42,58.75,22.27,7.73,9791,82.57,33.09,17.21,0.849,0.74,86.52,Moderate
20,73.81,34.84,5.07,9396,111.67,33.07,15.67,0.577,3.12,67.81,High
38,76.63,67.81,7.73,7972,30.11,33.22,17.84,0.563,0.11,36.25,Low
38,67.96,52.59,8.04,6494,70.56,33.61,14.71,0.554,0.0,61.89,Low
28,71.79,17.38,7.6,9308,66.54,33.31,22.2,,0.2,67.05,Moderate
25,73.94,64.61,6.85,7567,84.15,32.99,14.26,0.713,1.14,76.53,Moderate
18,73.04,39.3,7.75,13231,111.65,33.5,13.51,0.733,0.31,111.83,High
44,68.91,70.58,7.3,12258,29.46,33.82,13.24,0.718,0.0,46.53,Low
44,68.79,46.59,6.21,10271,90.23,32.78,15.04,0.574,1.72,112.82,High
24,68.16,51.28,9.23,9559,105.01,33.16,11.72,0.633,0.0,92.42,Low
18,55.22,66.86,6.7,8253,66.04,34.07,16.15,0.639,1.5,77.77,Moderate
21,69.61,33.64,7.99,4968,67.6,32.37,11.31,0.537,0.58,76.96,Low
19,53.15,32.11,4.32,7894,85.39,,15.86,0.654,3.75,95.97,High
41,57.64,44.86,8.57,8783,83.03,32.2,12.53,0.579,0.0,99.94,Low
42,74.43,61.23,8.79,9142,90.64,32.94,14.66,0.795,0.0,124.33,Low
22,70.72,26.71,7.13,9814,89.96,32.49,16.83,0.806,1.11,93.4,High
38,75.9,21.31,7.74,11079,40.58,34.84,20.57,0.552,0.0,47.89,Moderate
23,61.83,61.18,7.74,6561,103.69,32.82,13.13,0.681,0.56,130.67,Moderate
28,54.78,38.35,6.36,6587,109.34,32.82,15.17,0.961,2.13,91.84,High
34,62.08,41.72,7.73,12562,77.95,32.92,13.91,0.593,0.0,70.91,Low
38,64.82,18.29,6.17,10658,24.19,33.27,13.59,0.775,2.02,5.0,Moderate
42,64.63,37.14,6.4,7405,68.33,32.95,13.93,0.734,2.05,66.47,Moderate
19,73.07,47.88,8.4,8199,78.22,33.1,17.31,0.862,0.0,51.29,Low
23,61.11,62.89,8.22,8212,35.37,30.55,14.43,0.758,0.0,39.89,Low
25,66.82,35.66,6.29,8588,60.48,33.24,20.45,0.664,1.41,43.5,High
26,56.09,74.52,6.26,9823,26.9,33.21,16.42,0.729,1.3,7.05,Moderate
45,67.6,37.05,6.36,15597,91.43,33.98,13.28,0.731,1.83,57.32,Moderate
39,64.02,37.07,7.94,9031,77.31,34.18,14.69,0.708,0.2,87.21,Low
26,58.0,72.6,5.95,10355,19.33,33.06,13.74,0.549,1.11,21.12,Moderate
45,62.11,51.38,7.51,3777,83.25,33.81,17.26,0.882,0.38,67.37,Moderate
31,62.53,39.17,7.96,7142,70.19,32.37,11.89,0.859,0.32,64.99,Low
32,61.84,45.52,,11940,88.53,33.78,12.55,0.584,1.05,118.25,Moderate
30,78.17,69.65,8.26,9626,59.47,32.77,14.2,0.681,0.0,48.14,Low
22,63.21,71.46,6.75,1000,46.35,32.31,17.0,0.691,1.12,83.04,Low
44,62.05,34.93,6.85,10387,47.33,33.06,18.21,0.57,0.78,40.1,Moderate
18,47.22,47.32,5.98,13870,54.78,34.25,18.54,0.477,2.02,19.4,Moderate
22,56.85,49.44,8.27,2911,72.6,,16.67,0.633,0.0,98.88,Low
24,61.9,32.22,6.22,12754,76.73,34.32,15.32,0.674,2.0,79.36,High
25,58.51,,7.5,1000,65.9,32.64,17.25,0.533,0.74,54.18,Moderate
21,75.05,48.09,7.02,11126,58.45,33.99,12.98,0.743,1.01,46.55,Moderate
18,62.68,66.24,5.89,8475,60.76,32.71,11.44,0.871,2.49,58.72,High
36,74.31,67.32,6.4,1920,152.25,33.37,16.46,0.829,1.47,154.6,High
45,64.49,42.73,8.69,9749,47.34,33.36,13.29,0.704,0.0,40.68,Low
21,64.3,44.58,7.33,11722,54.14,33.7,15.36,0.481,0.84,76.42,Moderate
26,63.29,58.63,5.94,9518,177.4,33.39,15.76,0.813,2.1,209.35,High
32,64.03,38.64,7.45,10137,85.47,32.65,16.05,0.739,0.72,121.34,High
43,77.75,57.42,6.93,7347,27.84,33.86,17.56,0.775,0.63,35.45,Moderate
37,45.44,46.59,10.0,3288,98.97,34.5,17.33,0.972,0.0,113.4,Low
39,47.99,32.49,7.43,10437,42.88,32.76,15.93,0.613,0.82,29.52,Low
34,59.65,32.69,6.66,13399,101.09,31.82,14.53,0.35,1.24,135.21,High
29,64.12,71.15,8.73,11662,65.25,33.57,15.74,0.583,0.0,73.4,Low
23,69.52,45.5,4.98,2933,57.93,32.95,14.19,0.783,3.39,34.27,High
42,67.78,74.25,7.21,4258,123.49,33.1,15.07,0.724,0.41,94.04,Moderate
40,60.93,39.78,9.39,6131,90.12,33.62,21.26,0.562,0.0,86.18,Low
18,72.15,52.66,6.97,4039,103.14,32.86,15.9,0.535,0.82,117.3,High
38,72.24,86.28,5.11,8623,85.92,33.0,16.49,0.674,3.5,73.29,High
20,65.47,31.08,6.64,9601,57.78,33.12,13.95,0.558,1.29,51.65,Moderate
38,71.7,17.63,8.77,4495,91.56,34.3,17.74,0.788,0.0,64.04,Low
41,66.18,68.59,7.53,10675,110.69,,17.17,0.667,0.21,117.16,Moderate
21,59.51,34.77,6.14,10183,76.31,32.27,17.19,0.638,1.87,77.94,High
30,69.58,47.67,6.31,6965,129.65,32.3,15.97,0.621,1.97,143.65,High
21,64.88,38.63,6.46,8016,99.22,33.3,17.78,0.754,1.78,77.56,High
33,64.01,52.29,7.52,3040,78.78,32.35,18.3,0.726,0.87,94.34,Moderate
43,75.78,32.79,8.64,7569,80.05,32.03,16.12,0.746,0.0,58.25,Low
20,45.0,45.12,8.31,8520,76.39,33.68,15.25,0.743,0.0,56.13,Low
29,52.66,55.2,7.62,8972,31.96,33.71,17.47,0.711,0.81,46.78,Moderate
45,54.5,31.87,5.57,9560,69.12,32.92,13.51,0.586,2.18,76.91,High
26,61.09,36.8,5.57,9183,79.08,33.42,13.92,0.625,2.63,79.55,High
21,61.96,42.44,7.71,7759,58.69,33.34,15.38,0.669,0.21,52.36,Moderate
31,51.94,25.14,5.55,9301,82.81,33.65,11.67,0.988,2.52,52.1,High
32,56.12,41.24,6.84,11305,72.68,33.65,17.32,0.545,1.19,109.83,Moderate
36,57.11,49.9,7.45,8232,96.76,31.25,13.38,0.666,0.27,95.63,Moderate
26,83.66,41.61,5.79,9389,93.22,33.02,14.46,0.733,2.12,43.18,High
44,78.41,43.66,5.92,7978,77.35,33.59,15.03,0.681,2.13,89.82,High
32,60.71,47.68,6.99,6689,28.25,32.89,15.59,0.86,0.97,30.64,Low
26,61.09,37.51,,9964,129.3,33.23,14.74,0.68,0.87,136.48,High
44,54.81,59.06,8.32,6945,67.46,33.76,15.35,0.69,0.03,52.58,Low
43,48.73,70.98,7.8,9581,69.41,33.26,15.37,0.826,0.3,64.97,Low
31,63.06,40.57,7.18,8579,61.04,34.33,14.52,0.955,0.55,51.36,Low
18,56.02,55.76,6.24,7648,56.37,34.05,13.8,0.903,1.47,64.64,Moderate
34,63.32,44.17,5.87,7581,121.41,33.11,17.88,0.702,2.82,123.36,High
33,51.2,53.85,6.51,7077,116.35,33.05,10.87,0.714,1.13,77.64,Moderate
22,57.9,73.05,7.57,3891,86.22,31.06,15.05,0.726,0.47,99.64,Moderate
35,65.19,56.14,7.49,9572,68.56,32.96,14.47,0.739,0.64,83.12,Low
41,66.93,19.63,4.69,9148,91.81,32.19,16.42,0.61,3.21,75.35,High
20,67.34,55.26,6.2,10879,74.36,33.37,12.3,0.842,1.45,65.68,Moderate
38,53.44,67.73,8.49,7011,65.91,33.31,14.4,0.747,0.0,29.79,Low
21,70.84,44.45,7.19,13807,82.82,33.72,15.27,0.714,0.62,101.18,Moderate
38,57.6,63.93,5.47,7436,57.88,34.25,17.85,0.555,2.28,57.74,High
29,69.06,36.96,9.81,6049,80.07,,16.23,0.728,0.0,105.88,Low
18,63.91,24.23,7.07,5717,78.54,34.91,12.9,0.474,0.93,80.89,Moderate
45,52.99,50.26,7.54,3645,91.29,33.37,14.43,0.644,0.27,105.17,Moderate
22,61.47,19.9,7.56,12791,52.19,32.22,17.45,,0.48,25.67,Moderate
34,66.92,44.16,6.68,12338,94.72,32.78,12.86,0.757,1.56,86.21,High
23,68.9,68.59,6.26,10182,43.0,32.92,15.33,0.964,1.62,43.86,Moderate
44,62.87,17.44,9.54,5990,53.68,33.64,15.48,0.794,0.0,100.09,Low
38,76.25,27.53,8.25,13571,55.07,32.49,14.65,0.908,0.0,32.27,Low
40,72.06,31.49,8.05,7515,37.69,32.98,21.43,0.804,0.36,36.85,Low
30,61.95,46.99,7.76,7746,104.5,33.08,14.59,0.866,0.23,125.32,Moderate
31,70.0,42.15,5.95,12524,40.99,32.86,16.49,,2.04,38.89,High
35,79.47,70.39,8.57,10344,49.63,33.81,13.81,0.625,0.0,62.78,Low
39,79.68,63.27,6.13,14663,112.17,33.68,16.66,0.616,1.44,97.39,High
41,54.18,55.92,7.43,9196,53.74,34.07,17.42,0.807,0.0,69.85,Moderate
18,56.59,50.33,5.21,7388,65.98,32.95,14.21,0.72,2.52,39.23,Moderate
36,75.88,54.29,4.75,6786,39.62,34.1,15.38,0.749,3.45,41.91,High
21,55.53,34.21,7.47,3328,98.65,32.18,13.53,0.688,0.2,128.01,Moderate
26,53.42,61.72,6.17,7719,99.1,32.16,12.98,0.642,1.29,78.6,Moderate
41,60.11,30.21,4.81,11704,95.65,32.29,17.78,0.931,2.87,121.84,High
25,67.36,61.37,7.72,10176,89.2,33.21,14.28,0.577,0.14,97.11,Low
40,63.18,66.98,9.54,8556,74.35,34.1,10.19,0.809,0.0,89.4,Low
30,58.8,51.37,8.7,5714,55.22,32.75,19.38,0.788,0.0,51.69,Low
24,58.61,45.18,6.8,9135,45.92,32.84,13.74,,1.56,49.15,Moderate
27,58.3,54.4,7.11,11335,113.28,33.04,14.96,0.612,1.33,130.35,High
32,56.96,12.0,8.12,9706,96.47,33.63,19.11,0.634,0.58,76.33,High
39,82.25,52.84,8.39,8966,49.81,32.84,15.19,0.793,0.0,49.9,Low
34,66.38,46.19,6.7,6268,73.27,32.8,15.14,0.672,1.0,62.7,Moderate
44,71.09,47.19,7.14,10928,62.4,32.19,12.8,0.709,1.11,60.0,Moderate
42,60.09,59.3,7.45,1000,35.9,32.77,11.9,0.531,0.4,14.05,Low
39,62.51,46.8,7.74,9571,77.68,34.08,15.13,1.0,0.56,97.2,Moderate
34,58.29,29.76,6.95,15696,58.7,33.27,16.3,0.729,1.13,29.85,Low
26,45.0,45.74,6.96,4276,41.52,32.65,16.17,0.785,1.59,72.75,Moderate
29,52.98,49.08,8.69,7824,24.67,34.13,14.44,0.65,0.0,19.58,Low
21,49.52,49.84,8.49,8477,21.96,32.76,15.54,0.635,0.0,5.51,Low
28,46.0,50.59,7.65,7204,60.11,,11.46,0.969,0.21,43.42,Low
43,54.44,64.63,9.08,11401,69.28,34.25,16.51,0.471,0.0,84.08,Low
29,74.6,30.62,6.66,9822,43.99,33.24,15.86,0.756,1.24,48.63,High
21,63.64,50.81,8.97,8926,92.82,32.08,19.84,0.563,0.0,81.75,Low
36,74.32,68.64,7.72,10732,69.9,34.92,15.52,0.667,0.79,77.69,Low
44,67.29,20.25,10.0,8546,90.46,33.49,13.43,0.637,0.0,112.74,Low
42,70.26,50.87,5.73,17403,66.15,32.96,15.39,0.592,2.15,53.39,High
25,56.79,38.63,6.31,8923,46.81,33.92,14.78,0.725,2.15,37.73,Moderate
30,68.19,42.07,7.58,9046,75.65,33.73,16.46,0.386,0.2,63.66,Moderate
32,69.83,33.52,7.56,3710,31.59,34.18,15.56,0.679,0.0,35.32,Moderate
24,59.39,45.29,9.34,6978,89.26,32.7,12.73,0.708,0.0,134.45,Low
25,68.48,77.46,,11712,42.01,33.44,11.9,0.543,1.22,37.46,Moderate
24,68.53,27.77,8.14,4760,101.38,32.31,16.08,0.917,0.0,126.03,Moderate
45,59.6,29.29,8.44,2458,61.17,33.7,18.54,0.643,0.0,99.15,Low
38,55.02,27.17,7.91,8590,106.0,33.18,15.67,0.689,0.22,109.68,Moderate
41,54.53,,5.99,12338,36.08,33.41,17.29,0.643,2.3,52.88,Moderate
40,64.69,40.6,8.72,8618,50.31,33.09,17.73,0.709,0.0,64.31,Low
44,66.62,47.59,8.51,7558,84.19,33.01,16.09,0.89,0.0,111.96,Low
20,57.66,41.56,7.79,3296,109.46,32.55,13.71,1.0,0.0,91.18,Low
42,64.21,32.89,7.33,9766,125.33,33.79,15.93,0.817,0.77,196.83,High
19,68.56,44.24,7.36,10351,73.32,34.32,18.16,0.861,0.11,76.85,Moderate
31,68.95,87.33,7.01,3511,130.81,32.78,16.67,0.943,1.54,137.19,High
34,76.42,70.27,7.84,11676,62.73,33.62,17.15,0.752,0.0,45.46,Moderate
28,74.22,34.35,7.14,10643,107.16,33.52,14.48,0.924,0.74,117.36,High
22,55.99,58.36,6.12,11670,41.85,33.21,15.05,0.823,1.41,36.39,Moderate
23,77.47,34.7,5.89,10133,85.45,32.06,15.24,0.739,1.85,106.43,High
41,59.75,19.58,,10330,10.0,32.22,15.39,0.766,1.77,5.0,Moderate
26,72.36,64.31,7.36,9958,36.11,32.61,18.07,0.483,0.46,80.37,High
26,64.54,66.56,7.07,10931,86.93,31.6,10.34,0.758,1.33,91.33,Low
43,60.7,64.74,7.35,3407,30.0,34.26,15.57,0.519,0.73,40.84,Low
22,49.54,40.48,7.68,4297,85.66,33.48,15.33,0.509,0.16,51.84,Low
43,62.63,45.33,6.38,6439,101.01,33.18,12.48,0.745,1.57,121.25,High
43,51.52,60.0,8.79,8136,55.96,31.56,16.98,0.575,0.0,45.45,Low
34,71.74,,6.79,9586,40.99,31.83,13.91,0.719,1.53,70.11,Moderate
22,76.13,41.7,6.6,9409,56.83,33.2,14.71,0.738,1.0,42.12,High
22,57.62,22.09,7.65,11627,41.09,34.68,19.57,0.744,0.11,41.21,Low
25,66.42,49.82,4.99,11715,68.76,32.68,17.72,0.602,3.18,63.59,High
34,58.2,65.26,6.19,6057,75.27,33.85,16.76,0.837,1.93,72.12,Moderate
22,58.97,28.84,8.23,9168,62.21,32.84,16.34,0.708,0.0,71.59,Low
30,70.2,58.22,5.1,6126,125.58,33.24,15.14,0.777,3.16,131.61,High
21,63.69,53.3,8.39,7972,48.98,34.11,19.9,0.564,0.0,47.37,Low
33,77.92,60.0,8.84,9401,116.53,32.94,17.26,0.697,0.0,152.7,Moderate
18,60.14,61.95,6.68,1000,38.68,32.68,13.85,0.863,1.51,48.73,Low
37,71.99,36.89,7.44,15251,74.33,34.26,12.42,0.846,0.17,93.16,Moderate
19,64.78,22.13,8.39,10085,109.86,33.23,16.75,0.616,0.0,60.98,Moderate
23,70.37,39.46,6.56,6832,108.2,34.02,15.38,0.649,1.25,88.31,High
22,60.42,62.23,8.1,13896,58.55,32.69,12.36,0.591,0.0,81.49,Low
41,63.6,39.33,6.33,7527,89.76,34.26,16.44,0.635,1.6,111.56,High
19,63.08,36.9,6.55,8871,85.48,33.41,14.91,0.538,1.05,66.79,Moderate
30,57.31,18.86,6.18,7136,54.72,33.53,16.67,0.702,1.33,69.1,Moderate
34,69.3,76.04,7.49,13125,91.71,33.3,16.47,0.802,0.7,95.36,Moderate
32,69.2,61.21,8.43,8206,131.6,32.82,14.16,0.618,0.0,88.64,Moderate
37,68.75,60.32,6.89,8918,87.09,33.2,16.89,0.708,1.15,91.07,Moderate
40,76.3,63.48,5.64,11870,90.12,32.87,14.4,0.691,2.46,114.46,High
29,75.59,57.23,5.85,10138,93.51,33.92,14.55,0.857,1.93,86.34,High
41,61.0,44.09,7.55,8347,25.25,33.05,14.33,0.64,0.51,8.6,Low
26,66.98,45.38,9.22,11609,86.73,32.08,17.99,0.645,0.0,67.72,Low
45,59.01,41.16,7.55,15607,39.46,31.94,14.88,0.61,0.86,48.29,Low
32,64.19,90.16,6.66,9388,53.12,31.9,18.52,0.572,1.24,35.42,Low
38,59.2,56.89,7.98,8826,141.18,33.66,19.42,0.789,0.0,150.89,High
42,76.96,40.58,6.82,8977,63.9,32.34,13.87,0.702,0.17,72.9,Moderate
40,66.91,,6.66,12169,48.31,33.43,9.07,0.727,1.71,34.1,Low
41,62.26,31.83,6.0,6822,108.88,33.3,17.8,0.886,2.28,95.2,High
33,73.55,72.07,8.72,7720,41.67,33.15,14.75,0.893,0.0,24.92,Low
19,46.64,37.42,4.18,4195,57.68,33.53,13.59,0.506,3.32,45.63,High
31,47.89,56.02,8.02,5185,111.97,33.32,14.2,0.804,0.0,91.26,Low
23,70.37,65.06,6.57,7050,73.37,31.17,14.59,0.749,1.59,49.03,Moderate
42,64.48,54.16,6.63,8343,22.03,32.96,18.35,0.66,1.34,9.33,Moderate
24,66.0,49.51,9.05,13453,89.41,33.52,15.85,0.763,0.0,100.21,Low
24,53.39,48.17,6.28,10000,59.31,34.43,18.32,0.496,1.75,98.49,Moderate
24,63.81,47.1,6.32,5946,121.28,34.46,16.59,0.91,2.02,103.7,High
35,80.03,38.77,6.95,6461,52.6,32.18,14.82,0.787,1.18,70.26,Moderate
33,70.59,40.81,7.58,12349,105.64,32.94,14.64,0.608,0.71,130.14,Moderate
44,65.36,71.67,6.59,11654,128.82,32.03,16.74,0.644,0.68,117.75,High
29,60.49,46.26,5.29,8578,44.77,34.34,17.3,0.499,2.28,58.28,High
25,60.84,35.43,6.1,7260,65.82,33.96,17.69,0.679,1.77,89.84,High
19,46.97,39.74,8.57,11649,84.44,33.46,14.92,0.657,0.0,77.62,Low
18,66.06,65.61,7.19,5718,44.56,33.32,15.89,0.548,1.47,11.89,Low
28,70.76,58.81,7.62,9597,80.65,34.24,16.78,0.821,0.32,61.42,Low
43,51.4,56.97,6.8,14863,64.8,34.11,14.66,0.886,0.99,25.36,Low
32,58.71,43.88,6.34,9074,64.16,34.07,13.0,0.716,0.97,54.27,Moderate
43,54.74,57.17,9.03,6328,73.57,33.54,13.73,0.68,0.0,57.12,Low
20,56.28,37.7,6.88,9649,74.28,32.94,14.97,0.777,0.92,66.51,Moderate
20,64.43,43.85,6.59,7183,77.24,33.78,16.96,0.717,2.45,83.97,High
41,47.32,63.52,8.36,4596,52.84,33.81,18.27,0.579,0.0,47.84,Low
20,68.91,61.99,6.27,10462,54.23,33.06,12.52,0.635,2.47,45.75,Moderate
19,70.03,32.29,6.42,11629,68.21,32.94,14.19,0.681,1.85,71.8,Moderate
29,61.99,34.31,7.11,7629,70.57,34.05,14.71,0.752,0.53,41.09,Low
43,45.0,49.74,7.1,7443,57.96,34.45,17.25,0.721,0.98,52.03,Low
37,56.03,75.62,7.4,5807,82.37,32.64,14.34,0.747,0.87,48.25,Low
20,73.86,17.35,9.51,8080,13.93,33.0,14.55,0.522,0.0,31.6,Low
41,45.0,52.45,7.49,6925,48.63,,12.39,0.806,0.81,55.55,Low
41,61.22,25.98,4.37,5669,63.04,33.56,16.56,0.72,3.92,78.85,High
40,54.56,37.85,7.48,13798,44.6,32.81,15.14,1.0,0.73,44.38,Low
43,70.44,42.17,7.14,9806,124.13,34.61,14.06,0.67,0.85,94.35,High
24,58.6,41.27,7.15,10102,72.6,33.52,14.93,0.762,0.44,35.72,Low
45,67.23,39.46,7.38,10973,77.66,33.6,17.98,1.0,0.59,97.2,High
26,68.52,48.12,7.07,10658,56.54,34.52,13.29,0.745,0.99,86.82,Moderate
40,78.69,39.44,7.04,7343,71.5,32.86,13.65,0.711,0.3,68.02,Moderate
34,62.38,,7.81,9263,33.11,33.13,18.25,0.592,0.25,31.59,Moderate
39,67.01,60.48,6.48,7746,66.57,32.26,15.67,0.919,1.49,82.72,Moderate
35,52.12,60.05,6.01,9727,42.02,33.07,16.97,0.569,1.54,52.17,Moderate
35,73.52,61.49,10.0,9456,63.12,32.08,16.38,0.776,0.0,79.6,Low
35,57.92,23.35,6.28,7428,10.0,33.76,15.42,0.658,1.61,21.53,Moderate
39,59.51,52.78,7.22,4777,35.9,33.51,14.73,0.695,1.46,28.62,Low
38,63.82,58.82,5.38,8909,118.85,32.99,17.33,0.535,2.7,112.01,High
21,51.5,31.5,7.23,7928,98.57,33.12,18.06,0.895,1.13,133.88,High
41,65.83,48.15,6.03,3206,114.21,33.77,17.89,0.684,1.93,101.84,High
33,71.74,46.14,6.59,9921,116.41,32.35,12.89,0.562,0.75,96.18,High
27,66.34,77.47,8.3,11202,93.54,33.35,18.37,0.883,0.0,70.71,Low
32,51.29,78.79,7.64,15579,57.51,33.72,14.71,0.654,0.13,63.17,Low
45,63.01,21.37,7.75,7404,38.81,31.86,13.84,0.763,0.13,38.98,Moderate
42,69.94,87.9,5.06,6991,108.7,33.71,15.13,0.829,2.57,89.47,High
41,48.98,33.36,9.21,5393,74.07,31.94,17.33,0.782,0.0,111.49,Low
30,55.4,63.69,5.73,9084,151.81,33.11,16.69,0.434,2.64,153.22,High
39,71.01,63.53,,9066,60.32,32.33,14.94,0.81,0.0,97.52,Low
28,66.16,32.07,8.27,6228,135.13,34.27,17.34,0.707,0.28,138.65,Moderate
37,67.3,55.89,7.76,8010,66.98,32.33,15.81,0.677,0.84,92.9,Moderate
35,78.88,46.28,6.12,2959,114.75,31.96,14.24,0.706,1.17,136.79,High
24,67.75,56.87,7.27,11093,126.29,33.3,13.94,0.511,0.31,111.48,High
25,69.26,51.69,6.56,6342,39.27,32.89,16.4,0.745,0.81,54.47,Moderate
19,85.69,67.14,7.13,8402,56.48,32.07,15.32,0.543,1.09,29.5,Low
21,62.29,49.21,6.81,4505,38.94,33.59,12.47,0.683,0.94,22.12,Low
30,57.62,45.31,4.76,6869,32.64,31.71,17.36,0.74,3.07,45.91,High
31,67.42,65.54,8.39,7717,93.35,32.42,14.44,0.86,0.0,90.51,Low
22,67.51,57.29,7.01,8468,65.71,32.77,19.0,0.613,1.13,41.22,Low
29,59.79,59.71,6.54,9843,73.68,33.8,12.41,0.909,0.94,123.73,Moderate
34,55.74,37.37,6.46,12529,89.8,34.17,15.1,0.843,1.1,76.07,High
24,82.48,31.28,7.51,10551,12.56,34.03,13.96,0.664,0.49,5.0,Moderate
27,66.61,38.92,6.07,11194,113.18,33.09,13.35,0.576,2.35,80.92,High
28,58.14,38.07,4.51,12549,60.83,31.38,14.43,0.532,3.48,64.24,High
32,71.33,60.58,7.57,10095,89.04,33.49,19.4,0.755,0.15,85.14,Moderate
28,63.13,63.62,7.7,8397,91.86,34.3,15.82,0.624,0.0,83.49,Moderate
38,61.98,45.52,6.87,11325,115.87,34.13,13.76,0.876,1.46,101.59,High
27,68.5,70.89,5.78,11504,68.64,33.55,11.48,0.632,1.96,77.55,High
30,53.66,69.9,7.2,10315,10.0,32.31,11.71,0.603,0.4,23.9,Low
28,66.82,51.89,5.42,4427,73.83,32.81,14.32,0.75,1.98,75.24,High
23,79.3,34.85,5.92,6143,78.42,34.65,14.11,0.631,1.58,70.3,High
37,67.73,73.21,6.24,7730,38.9,32.14,15.01,0.721,1.43,26.6,Moderate
24,60.99,47.02,8.07,10682,76.72,32.34,10.5,0.848,0.0,68.24,Low
26,59.94,50.02,6.68,8440,60.45,33.91,15.3,0.735,0.89,77.84,Low
40,60.72,42.57,6.58,11683,29.03,32.88,17.76,0.736,1.48,56.47,Moderate
44,61.97,33.76,9.35,12182,93.49,32.31,19.07,0.747,0.0,92.85,Low
36,60.98,24.5,7.51,11857,53.96,34.35,11.33,0.5,1.27,51.09,Low
43,71.33,58.13,7.49,11875,59.0,33.55,13.74,0.771,0.0,67.93,Low
41,50.13,35.47,6.67,5596,57.2,32.91,13.62,0.741,1.38,65.94,Moderate
31,70.9,96.95,6.41,9851,111.54,32.34,15.82,0.836,1.65,103.22,High
39,60.96,30.62,4.59,6798,70.69,34.74,12.82,0.799,3.05,89.62,High
27,67.02,27.88,8.21,3882,74.53,33.18,19.2,0.694,0.0,86.78,Moderate
30,54.98,56.16,7.62,7695,57.9,34.25,15.6,0.854,0.65,71.28,Low
32,74.63,72.47,6.89,12209,86.81,33.87,15.23,0.682,1.14,127.5,High
44,73.97,49.03,6.94,9790,115.18,32.81,19.0,0.752,1.54,104.03,High
41,71.68,57.16,7.95,14149,92.73,32.82,15.46,0.68,0.0,124.63,Moderate
31,51.88,18.5,5.31,8996,93.98,,16.38,,2.39,47.43,High
36,70.63,37.16,6.42,15353,91.4,34.3,13.85,0.671,2.09,117.47,High
23,67.24,30.82,5.79,8997,27.83,31.79,12.48,0.934,2.53,20.89,Moderate
40,51.16,17.68,9.14,8562,43.96,33.61,14.16,0.982,0.0,46.24,Low
33,63.81,49.87,8.11,4917,65.44,33.11,20.31,0.834,0.32,67.64,Low
32,66.92,12.11,4.57,11609,48.77,32.43,16.89,0.92,2.76,37.9,High
39,68.45,26.84,5.36,7094,37.93,33.4,16.1,0.52,2.92,40.39,High
35,65.42,39.4,6.95,6688,12.09,32.19,13.35,0.535,1.42,15.1,Moderate
20,66.33,34.7,6.56,12087,28.91,32.85,17.5,0.678,1.21,23.71,Moderate
26,75.79,54.34,5.58,11743,63.79,32.6,12.51,0.725,3.34,66.85,High
22,73.81,52.89,9.34,11669,69.78,32.83,12.05,,0.0,77.74,Low
38,45.0,62.3,7.46,7485,46.62,33.15,14.27,0.507,0.0,41.85,Low
18,61.46,60.04,7.65,8357,74.53,32.44,19.8,0.87,0.49,82.35,Low
23,62.68,66.25,6.3,8332,58.12,34.38,19.68,1.0,1.44,73.33,High
34,49.98,47.97,7.93,10691,106.9,33.57,14.51,0.887,0.48,71.66,Low
37,64.75,52.86,6.66,12849,66.83,34.55,14.02,0.861,1.53,63.06,Moderate
32,73.99,56.18,6.77,9530,94.28,33.08,11.89,0.749,1.02,86.12,High
42,55.31,50.27,7.8,14029,78.5,32.79,15.67,0.61,0.72,90.41,Moderate
43,66.69,41.64,5.23,11012,27.13,34.52,15.86,0.729,3.1,5.0,High
21,56.67,42.68,8.94,7842,69.1,32.77,17.24,,0.0,77.1,Low
44,58.62,34.92,7.31,10820,32.46,33.07,17.5,0.674,0.64,59.02,Low
35,75.82,54.75,8.57,13276,68.54,33.74,15.07,0.661,0.0,77.43,Low
35,59.66,46.5,5.86,14095,48.16,32.27,16.72,0.864,2.01,52.91,Moderate
20,67.7,37.39,6.04,11823,84.22,33.73,13.96,0.873,1.84,75.99,Moderate
35,49.03,37.4,5.76,8571,29.04,33.64,16.68,0.61,2.25,7.18,Moderate
38,78.9,28.63,7.39,7893,72.47,34.15,14.38,0.686,0.24,73.98,Moderate
34,68.82,63.66,7.18,10112,90.32,33.87,16.51,0.655,0.04,109.64,Moderate
20,62.54,49.26,6.57,13187,101.04,34.17,16.33,0.729,1.52,86.16,High
32,68.6,34.2,5.93,9714,47.55,33.12,15.65,0.863,1.37,50.94,High
44,52.72,60.94,5.64,9772,72.57,32.55,17.25,0.615,2.01,64.11,High
38,73.46,39.03,7.04,8643,77.89,34.78,12.05,0.862,0.34,103.51,Moderate
21,61.41,25.5,,7581,121.51,32.05,13.16,0.733,0.86,72.71,High
44,62.37,64.34,6.31,8046,24.6,32.13,14.91,1.0,1.84,20.19,Low
44,60.07,39.41,8.88,8879,42.84,33.62,12.32,0.761,0.0,43.49,Low
22,59.35,41.46,7.01,13310,161.74,34.42,14.6,0.707,0.9,136.6,High
40,69.56,48.66,8.56,7828,63.26,33.34,14.68,0.795,0.0,76.9,Low
29,66.05,66.28,6.49,8647,11.49,33.95,18.38,0.676,1.28,13.03,Low
34,69.21,48.32,7.38,6076,53.36,31.7,15.81,0.487,0.75,26.67,Low
30,63.93,28.81,7.04,10506,10.0,32.83,17.76,0.689,0.95,5.0,Low
39,68.11,56.7,5.15,12326,79.71,31.79,16.16,0.687,3.14,88.16,High
45,60.65,40.24,8.74,13048,97.91,33.79,14.32,0.513,0.0,129.23,Low
40,81.84,78.21,6.94,9069,42.83,32.04,15.79,0.711,0.97,44.45,Moderate
44,51.46,47.98,7.96,10108,56.94,32.24,17.1,0.451,0.0,82.37,Low
44,74.09,12.24,6.24,8070,101.56,33.59,18.13,0.675,1.5,121.31,High
20,74.94,53.72,6.91,9978,15.99,34.0,15.21,0.752,1.06,17.14,Moderate
25,57.18,79.11,6.1,9379,29.71,33.08,11.88,0.733,1.63,34.1,Moderate
38,81.83,73.21,8.52,8663,64.7,33.63,11.72,0.667,0.0,52.11,Low
34,71.96,77.3,7.46,8885,47.93,33.6,14.78,0.709,0.57,47.43,Low
19,71.77,31.68,7.52,9765,62.6,33.04,10.36,0.618,1.33,36.43,Moderate
20,64.22,62.59,8.66,7676,31.56,32.38,19.45,0.721,0.0,35.41,Low
32,62.26,36.45,8.43,7821,78.86,33.62,16.81,0.728,0.0,108.94,Moderate
35,62.32,51.59,7.98,13280,67.22,33.66,14.1,0.603,0.0,53.87,Low
22,67.12,27.63,5.47,16089,89.57,33.87,13.06,0.755,2.97,100.02,High
22,75.21,37.69,6.3,5127,78.41,33.43,17.76,0.754,2.01,102.28,High
21,65.45,37.18,5.95,4973,78.61,32.32,13.05,0.698,2.34,110.28,High
33,56.71,62.38,7.94,5819,25.72,33.72,13.26,1.0,0.54,24.6,Low
18,70.6,60.81,7.3,8210,87.76,33.2,13.81,0.702,0.55,55.51,Low
34,71.37,52.43,5.5,11008,61.41,32.84,15.75,0.684,2.39,51.09,High
31,69.24,26.39,6.88,10155,66.67,32.98,16.87,0.665,1.72,74.57,High
31,69.96,43.01,,8981,105.54,32.68,18.12,0.594,2.84,107.25,High
37,61.83,36.06,7.04,9981,48.98,33.87,17.8,0.809,0.18,53.15,Moderate
32,56.57,61.91,5.2,6562,115.24,32.14,15.5,0.631,2.96,182.63,High
38,57.05,,7.71,7816,118.22,32.45,17.75,0.646,0.09,96.13,Low
39,50.92,64.9,7.53,8443,96.09,32.95,14.02,0.65,0.78,97.6,Low
43,65.9,35.92,9.29,4064,40.62,34.41,11.49,0.592,0.0,24.89,Low
40,63.33,12.0,8.08,5248,10.0,33.99,14.02,0.492,0.0,23.28,Low
32,60.48,19.73,6.61,5359,106.52,31.97,13.73,0.66,1.48,99.73,High
31,45.0,70.75,8.04,10639,75.56,34.21,14.11,0.834,0.03,86.7,Low
24,54.02,41.58,5.49,9186,48.15,34.21,13.39,0.746,2.63,31.84,Moderate
34,72.97,35.99,5.99,10210,109.55,32.32,14.49,0.923,2.21,43.26,High
21,58.68,74.28,7.48,3348,44.43,31.31,16.86,0.818,1.04,33.77,Low
44,66.88,68.24,4.62,4346,58.43,33.15,19.27,0.788,3.53,47.28,High
41,52.87,48.39,7.06,10357,88.8,34.04,11.7,0.965,0.95,75.51,Moderate
21,75.51,43.31,5.93,1000,36.36,34.39,12.67,0.707,2.48,29.33,High
40,62.85,45.89,7.22,11928,68.5,32.55,13.76,0.728,1.57,42.99,Moderate
21,66.32,51.63,5.86,3394,106.85,34.51,17.18,0.719,2.46,72.85,High
38,82.61,73.6,7.59,10861,78.76,31.53,15.05,0.921,0.48,68.18,Low
20,76.13,54.76,7.12,6011,111.92,32.92,13.91,0.72,1.03,92.4,Moderate
31,61.55,59.62,8.71,11436,108.28,32.89,17.08,0.636,0.0,104.63,Low
36,59.25,66.71,7.11,17482,72.25,34.06,17.6,0.796,0.9,62.74,Low
38,61.4,29.29,6.22,2135,10.0,34.17,15.46,0.614,2.54,16.12,High
29,68.08,60.08,6.82,10447,36.62,33.92,13.7,0.789,0.92,26.62,Low
43,63.16,43.29,5.55,3437,96.43,32.19,16.09,0.774,2.85,67.93,High
39,60.84,12.0,7.57,9694,22.39,33.85,14.99,0.695,0.39,17.12,Moderate
23,75.74,13.95,7.78,7921,61.55,33.58,14.97,0.794,0.0,67.99,High
36,63.09,31.71,9.94,8863,82.83,31.95,14.37,0.527,0.0,67.55,Low
38,82.4,56.5,6.38,5947,119.03,31.65,17.53,0.741,1.42,139.73,High
27,64.73,49.82,6.79,10685,53.6,33.98,16.05,0.66,1.41,41.63,Moderate
38,78.28,50.95,6.44,4444,51.41,33.06,17.78,1.0,1.59,37.25,Moderate
43,66.86,79.22,7.34,11976,70.32,32.24,18.44,0.74,0.3,52.88,Low
40,71.7,27.69,7.54,7354,83.23,33.04,16.51,0.642,0.98,79.35,Moderate
39,58.2,47.56,7.04,4572,67.06,33.47,14.39,0.541,1.34,46.84,Moderate
35,57.17,52.87,8.35,12965,105.58,,17.79,0.89,0.21,143.63,Moderate
25,67.68,36.22,6.39,8311,46.43,32.04,16.52,0.674,1.69,23.72,Moderate
40,71.91,48.45,8.23,13841,75.85,34.61,21.23,0.617,0.0,64.7,Low
28,64.32,22.4,7.72,11919,86.25,33.95,16.18,0.764,0.53,58.98,Moderate
32,53.71,70.56,7.09,6265,59.19,32.95,17.03,0.804,0.71,28.34,Low
26,53.12,37.09,6.74,8262,98.87,32.98,16.14,0.802,1.31,88.63,Moderate
26,52.58,80.5,9.89,8838,76.77,33.47,15.28,0.723,0.0,85.38,Low
22,49.86,47.48,6.16,12773,97.24,32.35,14.93,0.741,1.33,98.67,Moderate
44,64.88,64.45,7.44,9725,78.21,33.44,16.15,0.75,0.6,86.62,Moderate
22,73.0,47.15,6.24,8993,84.04,32.2,16.65,0.764,1.61,37.01,Moderate
20,63.89,47.51,9.15,7940,51.76,33.15,18.04,0.775,0.0,41.72,Low
44,45.92,38.66,8.12,8358,51.82,32.32,16.18,,0.01,63.14,Low
33,62.47,49.91,6.32,12152,111.18,32.36,14.48,0.727,2.13,88.41,High
30,62.7,,7.69,8510,92.34,,14.78,0.614,0.01,106.16,Moderate
38,80.77,35.45,7.4,7394,39.27,33.24,12.59,,0.49,54.62,Low
28,52.34,46.0,6.51,6919,77.79,33.36,19.15,0.818,1.23,75.16,Moderate
21,60.87,38.24,7.97,6949,10.0,31.69,14.31,0.488,0.0,42.35,Moderate
38,77.65,84.79,7.55,4574,53.63,32.75,17.63,0.489,0.24,36.84,Low
22,67.6,46.56,7.35,6398,102.75,33.55,16.11,0.839,0.58,119.37,Moderate
33,68.51,72.72,7.05,12695,68.0,33.35,16.17,0.918,1.15,75.6,Low
44,64.92,44.87,7.6,7921,75.77,31.58,15.24,0.556,0.52,65.72,Low
44,66.64,52.15,7.36,10472,10.0,33.36,13.77,0.733,0.27,13.29,Moderate
28,70.22,26.86,7.17,1559,59.45,33.47,13.37,0.668,1.28,34.42,Moderate
39,57.52,40.85,6.36,10091,82.82,34.16,19.3,0.686,1.97,65.21,Moderate
35,71.02,51.37,9.05,8048,86.89,32.71,15.75,0.76,0.0,111.74,Low
31,53.02,73.38,5.89,7151,102.8,31.52,17.98,0.552,2.54,155.82,High
21,66.63,51.55,7.59,9006,65.27,32.45,18.55,,0.52,68.65,Low
28,65.43,70.14,6.73,7111,66.7,32.38,14.6,0.681,1.21,53.47,Moderate
36,59.07,58.25,9.12,2553,29.37,33.75,16.43,,0.0,61.04,Low
45,63.82,74.04,6.06,11082,65.46,31.16,15.6,0.574,1.93,66.11,Moderate
18,59.02,47.06,6.25,9180,31.63,32.86,12.95,0.823,1.94,38.65,Moderate
38,55.43,86.24,5.98,7620,12.87,34.27,15.09,0.666,2.08,5.0,Moderate
41,61.17,40.23,7.47,5794,37.27,33.21,16.79,0.665,0.41,25.22,Low
44,55.17,35.74,5.52,4384,120.28,33.87,14.4,0.757,1.77,143.97,High
29,66.58,28.64,6.55,9126,63.34,31.97,14.79,0.703,1.63,65.29,High
21,54.8,85.3,4.62,13017,79.04,32.0,15.12,0.829,3.24,59.17,High
25,69.7,61.11,7.38,9068,55.57,34.28,20.15,0.599,0.9,46.2,Low
41,54.55,,6.52,4628,14.7,33.28,11.47,0.538,1.64,5.0,Moderate
42,59.47,67.98,5.39,9130,101.96,33.28,16.6,0.68,2.49,121.62,High
35,59.0,59.0,8.35,8350,10.0,32.36,14.94,0.728,0.01,29.01,Low
21,74.6,79.46,5.6,10919,54.25,33.28,14.09,0.559,2.48,76.24,High
21,66.64,23.23,8.02,10198,70.25,32.34,14.89,0.54,0.04,75.55,Low
31,62.31,43.75,6.29,1000,79.38,34.09,16.97,0.744,1.66,105.35,High
34,67.99,40.6,8.94,10026,48.75,35.25,17.09,0.621,0.0,36.62,Low
18,47.14,16.42,7.96,5690,13.19,33.56,15.91,0.531,0.0,5.0,Low
37,63.65,64.97,5.94,4519,46.37,32.72,17.9,0.845,1.95,73.58,High
33,79.98,43.67,6.05,7972,48.04,31.3,18.29,0.638,1.52,40.13,High
18,65.06,59.83,7.8,9650,47.26,31.94,17.3,0.869,0.46,35.58,Low
20,64.54,85.76,6.8,3905,103.04,34.37,14.3,0.724,1.0,79.05,Low
30,68.39,42.35,6.91,10472,33.16,32.43,16.59,0.758,0.93,31.56,Moderate
38,71.16,41.26,8.56,10637,81.63,32.92,16.6,0.693,0.0,114.66,Moderate
41,48.02,49.9,6.24,8631,77.07,33.69,13.71,0.375,1.78,42.66,Low
30,50.54,63.8,7.2,6070,102.73,34.31,12.05,0.572,0.36,138.34,Moderate
26,65.68,38.93,8.2,5757,67.74,33.05,11.05,0.704,0.0,55.12,Low
45,58.28,,8.03,11372,97.32,32.9,15.65,0.767,0.13,122.18,Moderate
30,74.5,64.92,6.92,4268,66.49,33.25,16.16,0.487,0.34,67.54,Moderate
26,61.48,54.06,6.77,11480,85.9,32.73,12.9,0.713,1.53,101.29,Moderate
30,48.52,15.28,5.1,8037,23.91,32.77,17.8,0.574,3.45,40.21,High
18,53.86,28.39,5.89,8231,10.0,33.51,15.83,0.751,2.06,33.04,High
26,45.0,72.02,7.47,3717,84.08,33.34,18.47,0.717,0.99,105.44,Moderate
32,62.13,54.43,6.94,8089,85.8,34.8,16.32,0.817,1.05,103.33,High
43,62.49,35.8,7.19,10218,87.22,33.53,13.15,0.859,1.37,79.89,Moderate
38,60.6,45.27,8.3,4758,55.2,34.06,16.51,0.78,0.0,62.35,Low
39,72.63,48.21,5.73,9896,119.67,32.4,16.97,0.832,1.44,122.81,High
33,73.59,59.77,6.83,8749,57.28,33.59,14.3,0.674,1.14,44.74,Low
21,62.64,26.27,7.32,6697,85.47,,12.33,1.0,1.28,80.87,Moderate
28,46.92,34.54,6.29,10893,91.03,33.5,15.72,0.562,1.9,58.75,High
45,68.94,52.37,8.75,2333,127.0,33.72,13.3,0.651,0.0,129.17,Low
19,68.44,46.4,8.14,9470,61.86,33.24,17.97,0.837,0.0,44.8,Moderate
42,66.48,57.15,7.43,13034,51.1,35.01,14.6,,0.91,32.19,Low
37,71.85,28.33,9.16,12531,24.06,34.27,19.29,0.783,0.0,10.61,Low
25,54.68,53.71,5.38,9591,121.68,34.08,10.83,0.808,3.54,112.28,High
39,80.07,65.47,7.09,7655,85.49,33.77,15.8,0.449,0.73,126.22,High
41,56.32,55.79,7.52,6719,86.5,34.52,18.64,0.927,0.83,48.4,Low
19,69.99,50.23,6.05,7651,171.73,32.12,13.54,0.693,2.22,181.88,High
20,50.5,46.47,7.45,10022,82.4,34.23,15.15,0.882,0.31,122.69,Moderate
36,56.56,34.64,5.83,6239,30.33,32.46,14.61,0.456,2.02,21.57,Moderate
45,76.13,46.85,7.89,10620,65.73,32.78,14.0,0.753,0.46,50.07,Low
18,61.91,68.16,8.32,14472,40.81,33.62,16.04,0.647,0.0,36.84,Low
36,70.72,46.1,7.41,8326,59.33,34.12,12.65,0.794,0.71,56.26,Moderate
21,65.9,33.76,4.97,4735,59.12,32.33,15.26,0.761,2.46,34.91,High
36,63.16,40.12,5.99,4734,53.22,32.82,16.64,,2.24,53.93,High
35,74.91,51.21,7.75,10674,27.41,33.27,15.03,0.582,0.35,18.35,Low
20,62.11,42.02,7.12,8332,122.96,33.06,13.3,0.713,0.85,160.17,High
37,49.75,55.76,4.0,10955,81.56,33.84,17.77,0.697,4.12,93.87,High
43,57.57,56.37,8.53,7005,64.78,35.5,17.11,0.784,0.0,56.89,Low
42,68.41,62.22,7.26,10825,96.24,33.51,13.21,0.849,0.54,120.31,Low
18,67.16,70.78,6.16,8056,87.07,32.65,12.65,0.74,1.76,88.93,Moderate
24,51.46,,8.24,6448,80.82,32.23,13.41,0.554,0.0,79.74,Low
24,58.21,33.05,6.32,7377,93.92,32.96,16.7,0.734,2.44,81.06,High
30,59.35,33.54,6.31,5148,76.29,32.49,16.11,1.0,2.01,85.67,High
22,61.08,46.79,7.51,14070,93.45,33.55,17.24,0.934,0.15,119.74,Moderate
41,52.99,40.78,9.15,8230,96.1,33.54,14.78,,0.0,93.04,Low
39,58.97,29.79,8.97,10304,77.21,32.85,13.47,0.728,0.0,95.01,Low
40,58.17,40.93,7.51,6996,64.95,34.69,17.52,0.841,0.5,74.58,Moderate
23,70.17,40.41,7.63,5554,120.97,32.65,14.28,0.696,0.68,149.07,High
18,70.47,,8.01,7845,56.71,33.11,15.91,0.66,0.0,32.22,Low
43,62.83,42.95,5.65,11583,84.52,33.68,12.09,0.685,2.26,87.68,High
26,60.86,66.86,7.84,7041,85.25,33.87,14.25,0.792,0.0,102.75,Low
36,65.12,51.19,6.26,6062,52.49,34.16,17.72,0.571,1.82,23.56,Moderate
43,57.47,87.55,7.47,8935,46.15,33.52,13.92,0.875,0.66,39.73,Low
19,54.83,50.73,6.84,9897,60.68,33.99,17.29,0.713,1.13,80.98,Moderate
18,56.48,43.36,7.68,13099,56.25,32.7,10.37,,0.28,63.21,Low
18,58.92,48.07,7.24,9490,25.34,33.89,14.27,0.866,1.14,29.31,Low
22,54.69,52.1,,10303,51.15,33.88,15.12,0.519,4.54,64.08,High
19,65.3,54.96,7.31,10513,80.52,34.33,19.33,0.648,0.71,72.7,Moderate
40,69.84,81.23,7.84,5271,112.51,31.95,12.93,0.646,0.21,104.64,Low
34,51.3,34.47,7.61,5802,89.74,32.52,16.98,0.999,1.03,118.28,Moderate
45,64.2,61.74,6.98,5465,10.0,33.82,17.83,0.631,1.08,33.91,Moderate
40,62.24,51.32,,4769,92.52,31.21,13.91,0.44,0.0,61.93,Low
44,66.73,22.86,7.46,10727,54.14,33.57,14.68,0.644,0.0,72.97,Moderate
24,63.9,60.33,7.6,9312,86.5,33.99,15.81,0.779,0.0,81.21,Low
26,52.37,68.28,,8722,71.55,32.77,12.24,0.822,0.0,106.45,Low
41,53.9,34.29,7.52,1240,65.83,,14.5,1.0,0.45,78.15,Moderate
24,64.24,47.86,6.07,14255,68.73,32.39,18.31,0.903,1.74,73.46,High
19,72.23,20.39,4.3,5996,71.28,32.81,16.65,0.744,3.83,82.89,High
36,46.29,27.86,6.55,14245,115.02,32.83,15.16,0.604,1.25,67.06,High
40,66.77,64.77,7.98,4442,71.37,32.69,15.75,0.931,0.0,82.41,Low
45,73.52,40.54,,6225,106.74,32.65,16.78,0.672,1.52,76.74,High
43,62.78,30.26,8.02,2332,102.08,33.0,17.2,0.634,0.46,60.47,Moderate
21,68.4,51.67,7.27,9513,93.35,32.99,14.28,0.666,0.34,99.94,Moderate
39,58.38,39.64,8.58,5416,14.83,34.61,18.88,,0.0,25.11,Low
41,63.05,40.47,6.76,5495,107.73,32.9,18.4,0.66,0.57,120.95,High
37,51.03,,7.64,4656,57.35,33.46,16.99,0.69,0.0,50.7,Low
40,45.25,29.41,7.68,10676,94.9,32.77,13.65,0.815,0.11,99.03,Moderate
41,71.54,33.51,8.83,10492,40.88,32.76,13.26,0.67,0.0,30.14,Low
30,56.12,50.47,5.14,13573,34.08,31.92,14.78,0.555,2.59,33.2,High
19,60.36,63.51,6.57,6580,135.24,32.02,15.63,0.512,1.14,138.75,High
30,52.91,67.81,8.08,9112,41.38,,11.61,0.747,0.0,36.6,Low
23,52.72,37.36,8.88,4889,108.68,33.34,16.59,0.729,0.0,107.14,Low
21,62.61,63.0,7.38,7561,75.79,34.01,18.33,0.648,0.35,50.36,Moderate
21,58.16,35.45,6.76,7047,58.56,31.86,16.77,0.659,1.93,50.83,Moderate
37,67.02,77.22,7.97,9800,70.57,32.79,14.01,0.771,0.0,83.66,Low
32,67.62,29.86,8.1,11347,30.36,32.17,13.75,0.901,0.0,26.38,Low
33,66.57,69.26,6.69,11274,71.56,33.0,16.16,0.619,1.17,73.69,Moderate
38,65.91,37.5,7.48,6140,37.35,34.01,15.16,0.732,0.67,56.42,Moderate
33,76.62,80.21,8.46,11295,59.35,32.86,16.47,0.845,0.0,51.65,Low
35,55.46,57.46,9.27,8376,101.61,33.16,16.82,0.619,0.0,96.85,Low
20,63.56,31.74,7.95,7591,80.13,34.29,17.9,0.718,0.0,96.86,Moderate
41,73.06,39.64,7.15,6516,24.57,33.54,13.01,0.715,1.23,21.6,Moderate
30,74.12,60.5,7.04,6932,99.25,32.63,15.99,0.55,1.15,113.27,High
22,52.63,64.84,7.74,13378,71.77,33.32,14.7,0.742,0.6,89.75,Low
40,61.5,46.87,6.97,9360,54.65,32.58,15.28,0.724,1.0,36.39,Low
38,74.86,48.71,,8988,95.89,33.52,17.4,0.792,0.62,59.12,Moderate
19,68.06,60.13,5.88,7765,66.65,33.59,17.64,0.566,2.44,77.24,High
23,65.56,50.11,8.59,15348,34.7,32.17,18.58,,0.0,54.52,Low
18,62.26,27.3,5.79,12154,131.13,33.33,16.44,0.9,2.76,162.47,High
25,60.93,34.99,6.6,6481,71.45,33.11,15.26,0.99,1.47,94.52,High
20,66.31,51.76,7.21,7733,69.4,33.61,14.94,0.886,0.75,27.58,Moderate
37,61.98,67.45,9.39,7900,59.04,33.82,11.68,0.567,0.0,47.02,Low
32,63.66,73.86,6.61,8908,109.76,33.56,18.45,0.779,0.82,122.27,High
45,64.63,60.47,6.33,6536,55.2,32.97,14.79,0.657,1.53,9.1,Moderate
38,58.58,52.6,6.47,9728,22.56,33.9,16.61,0.757,1.15,5.0,Low
35,68.26,59.98,9.01,12565,50.28,32.55,16.99,0.62,0.0,50.22,Low
32,87.31,37.33,3.87,4821,114.46,32.21,12.76,0.497,3.68,127.23,High
19,49.78,45.55,5.95,5341,98.63,30.8,13.47,0.675,1.88,114.89,High
19,66.59,34.81,10.0,7147,63.84,33.15,18.9,0.814,0.0,88.31,Low
35,57.92,28.02,7.78,7276,115.94,32.58,16.14,0.757,0.64,83.92,Moderate
18,68.62,53.34,5.83,14095,95.93,33.5,14.22,0.772,1.96,89.92,High
19,64.37,50.97,7.05,11304,63.47,31.72,15.22,0.748,1.11,57.52,Moderate
24,70.09,59.0,7.18,11144,66.69,32.71,17.89,0.773,0.89,95.0,High
42,73.4,56.74,8.07,7759,82.54,33.55,17.56,0.789,0.24,114.07,Moderate
30,65.54,51.88,9.22,7698,45.38,32.43,12.27,0.684,0.0,23.68,Low
37,73.06,56.91,7.55,4435,72.14,33.51,19.1,0.731,0.44,54.88,Moderate
29,45.25,47.32,6.48,10688,81.87,32.78,17.63,0.947,0.93,48.62,Low
22,76.72,,8.01,9874,18.02,33.18,15.16,0.738,0.0,15.71,Low
28,67.0,36.38,6.3,12100,65.94,33.65,12.88,0.726,1.7,59.32,High
20,72.62,53.92,5.91,7909,62.3,33.91,17.82,0.733,2.19,52.28,High
39,54.24,58.69,,8103,104.9,33.27,16.55,0.692,2.67,123.08,High
23,57.35,37.29,5.3,8976,12.98,32.59,12.29,0.663,3.1,5.0,Moderate
28,65.17,,6.07,10997,59.79,32.86,14.99,0.747,1.94,59.12,High
45,63.86,38.02,5.75,4383,56.58,33.68,22.38,0.654,1.93,36.58,High
34,66.26,39.58,7.46,10560,102.72,32.43,15.54,0.701,0.38,133.41,High
30,72.68,30.0,5.72,8442,70.61,33.07,13.87,0.617,2.95,87.45,High
33,49.88,68.25,3.5,5535,129.48,32.91,13.28,0.734,4.73,170.46,High
39,71.79,65.05,5.9,2663,93.19,33.12,19.4,0.796,2.47,81.48,High
25,64.07,56.6,6.56,8117,58.87,32.44,17.37,0.692,1.08,31.74,Low
35,62.37,79.56,6.4,12553,79.67,31.81,18.6,0.459,1.36,56.0,Moderate
42,52.23,44.97,8.85,13189,60.67,33.59,16.05,0.797,0.0,43.41,Low
34,68.02,96.51,6.39,9495,99.5,33.92,18.26,0.736,1.67,96.03,High
30,45.0,44.36,8.11,13993,29.37,31.86,13.63,0.591,0.0,36.19,Low
22,69.19,52.08,7.08,8379,45.64,33.48,15.86,0.821,0.75,63.79,Moderate
24,52.06,41.64,7.05,11169,86.58,34.01,16.13,0.538,0.82,85.51,Moderate
44,64.43,53.96,6.14,7236,111.22,33.65,18.54,0.856,1.58,102.67,High
33,63.05,61.37,7.03,7059,10.0,32.89,16.2,0.713,0.9,5.0,Low
26,73.36,46.18,6.22,6602,115.98,32.49,14.12,0.425,2.17,115.03,High
29,62.57,76.43,7.3,2730,67.52,33.26,15.64,0.743,0.17,83.07,Low
34,58.45,51.83,6.83,12103,11.72,33.39,11.81,0.667,1.29,5.0,Moderate
33,59.95,52.33,6.01,6703,10.0,33.27,10.39,0.648,2.47,13.64,Moderate
37,74.18,33.46,8.24,6255,23.06,33.06,17.33,0.624,0.0,37.69,Low
25,68.29,54.7,7.59,5196,71.37,32.39,14.68,0.703,0.22,101.78,Moderate
36,60.91,45.86,6.58,7927,69.89,33.52,14.92,0.657,1.74,82.21,Moderate
30,62.11,38.27,7.27,13437,92.26,33.55,17.33,0.479,0.39,87.96,Moderate
44,51.46,35.58,7.0,14362,54.42,33.35,18.57,0.885,0.99,50.63,Low
22,67.11,90.75,6.1,3849,36.54,33.28,16.68,0.688,1.53,38.16,Moderate
22,49.92,43.78,7.18,7507,58.78,34.46,19.74,0.625,0.16,49.14,Low
30,70.01,24.69,6.39,5603,73.08,,16.61,0.573,1.56,80.95,High
32,65.03,36.83,6.01,11267,79.38,34.16,16.16,0.82,1.54,104.74,High
37,83.1,47.17,5.23,9302,46.75,32.65,16.03,0.551,2.76,60.87,High
29,55.2,56.75,6.69,6717,100.85,34.03,12.67,0.737,1.7,66.38,Moderate
43,63.18,56.88,7.75,8703,52.12,34.13,17.6,0.644,0.9,52.15,Low
31,78.39,58.83,6.3,7163,44.17,32.98,10.12,0.652,1.73,64.14,Moderate
21,73.53,37.68,10.0,13019,54.64,34.45,14.21,0.577,0.0,54.72,Low
21,58.43,53.45,8.12,10031,106.39,33.55,15.55,0.639,0.02,99.21,Moderate
45,65.79,33.98,8.6,10375,67.75,32.54,13.76,0.721,0.0,48.7,Low
21,64.02,,8.01,1032,49.78,32.92,14.51,,0.0,33.93,Low
44,66.26,33.32,9.23,8312,101.64,34.05,19.55,0.618,0.0,104.94,Low
25,58.41,28.99,6.19,14332,140.57,33.89,17.93,0.708,1.44,206.47,High
20,63.29,65.03,4.16,12213,78.71,32.41,13.99,0.835,4.33,36.6,High
26,51.22,59.02,6.59,3328,111.48,33.1,14.47,0.504,1.6,83.86,Moderate
35,65.08,63.63,7.74,7622,105.15,33.35,12.69,0.719,0.0,114.83,Low
29,67.6,48.63,7.27,5135,52.62,32.82,17.05,0.596,0.83,13.0,Low
39,62.18,60.43,7.42,13291,72.85,34.97,14.95,0.583,1.33,82.06,Low
35,51.08,19.82,8.62,9183,30.96,33.38,11.17,0.754,0.0,19.48,Low
29,71.91,61.81,7.54,6350,65.44,33.15,15.72,0.649,0.28,54.56,Moderate
35,66.92,50.83,8.02,8595,51.96,34.09,16.47,,0.0,49.4,Low
45,58.19,58.03,6.02,1199,59.11,32.93,17.62,0.892,2.02,49.35,Moderate
29,61.76,54.08,5.84,5462,48.0,33.96,15.34,0.84,2.1,39.58,Moderate
22,51.99,32.21,8.96,8602,62.81,31.95,14.68,,0.0,79.93,Low
29,55.8,24.03,7.22,10867,89.03,,19.87,0.528,1.04,118.32,High
41,59.7,36.61,6.38,3064,68.18,33.99,15.51,0.797,1.02,99.73,Moderate
24,73.83,57.04,6.39,7432,12.34,34.38,17.08,0.683,1.78,18.99,High
44,58.88,59.04,6.35,11327,48.12,32.62,14.31,0.915,1.58,27.62,Low
34,69.12,26.11,6.28,4435,23.38,32.53,17.02,0.8,1.73,28.65,High
34,59.69,32.3,5.62,9141,79.81,33.63,12.3,0.759,2.46,73.95,High
26,65.98,36.43,5.37,8684,88.11,32.73,14.48,0.587,3.05,144.64,High
43,62.87,42.28,6.88,13300,80.21,33.0,12.84,0.784,1.47,123.33,High
19,70.98,26.21,6.42,7855,46.8,33.86,14.17,0.554,1.32,46.98,Moderate
26,59.72,25.25,8.37,8019,79.9,32.79,18.25,0.89,0.0,39.98,Low
29,51.42,34.85,7.44,10893,56.96,31.73,14.15,0.775,0.41,70.97,Low
31,52.94,49.38,7.41,4786,35.58,32.22,17.08,0.613,0.01,27.37,Low
31,59.74,29.11,6.25,7881,95.74,33.21,18.84,0.825,1.72,135.12,High
22,54.01,46.15,,7223,98.18,31.8,15.44,1.0,1.68,87.7,Moderate
24,67.28,64.94,7.52,8111,102.36,32.98,17.69,0.692,0.0,129.46,Moderate
20,60.27,27.17,7.92,10875,52.53,32.16,16.67,0.792,0.07,36.08,Low
34,83.0,44.7,6.99,10051,109.74,34.43,15.76,0.664,0.99,120.22,High
27,50.1,64.4,8.34,6403,56.21,34.82,17.15,0.731,0.0,38.49,Low
33,65.63,41.31,7.11,8882,92.91,32.41,19.55,0.524,0.55,77.61,Moderate
34,54.98,38.82,8.01,12673,55.65,33.39,14.1,0.72,0.0,37.6,Low
37,60.05,66.62,6.54,6172,64.83,32.48,13.39,0.726,0.98,98.03,Moderate
33,65.13,43.1,5.02,8906,10.0,32.97,13.26,0.954,3.45,5.0,High
36,45.4,65.67,7.41,7959,62.34,34.55,17.69,0.487,0.25,98.46,Low
34,65.89,54.86,7.93,8323,74.91,32.85,17.98,0.683,0.0,31.14,Low
36,79.22,42.51,7.76,3934,58.88,32.99,14.32,0.887,0.97,47.92,Low
35,60.37,55.68,7.59,12450,128.2,32.49,10.8,0.689,0.16,152.46,High
26,66.08,53.13,6.7,6331,34.8,34.06,14.02,0.698,1.42,40.75,Moderate
24,72.2,64.33,6.17,11373,53.97,30.75,16.71,0.612,2.2,42.76,Moderate
40,62.69,39.23,7.73,6760,43.04,32.87,15.35,0.599,0.62,55.75,Low
27,59.35,48.66,7.59,6748,53.96,33.17,15.9,0.483,0.0,57.96,Low
33,45.79,47.02,6.45,11896,105.01,32.7,14.35,0.638,1.3,107.95,High
23,69.13,59.27,8.38,11282,119.3,33.85,17.73,0.591,0.0,92.15,Low
30,63.09,,6.08,9084,49.57,34.1,16.26,0.735,2.59,53.86,High
32,55.9,64.27,6.43,10631,48.86,32.14,16.79,0.618,1.3,61.91,Moderate
35,65.01,55.46,8.98,7692,34.97,34.77,15.85,0.658,0.0,33.54,Low
32,59.33,26.93,8.1,8476,113.8,32.13,16.65,0.661,0.05,113.66,Moderate
28,59.77,67.33,6.69,6647,107.87,34.17,16.51,0.714,1.53,107.12,High
44,68.85,,7.43,11031,68.61,33.31,13.46,0.651,0.81,77.97,Low
32,53.29,64.03,7.28,6558,27.32,32.82,16.32,0.582,0.43,46.72,Moderate
40,72.38,70.83,3.94,12658,30.19,32.89,17.24,0.731,3.87,20.51,High
38,52.82,49.37,6.06,7615,77.46,33.17,18.04,0.859,2.02,88.75,High
33,58.7,21.42,7.04,8557,89.58,33.36,16.42,0.737,1.4,76.04,Moderate
42,79.38,18.49,6.69,10624,10.0,32.51,13.38,0.641,1.23,5.0,Moderate
21,73.02,52.08,7.38,8566,61.72,33.02,13.72,0.704,0.61,34.57,Low
43,64.78,38.53,8.4,7665,123.79,32.62,14.54,0.453,0.0,150.26,High
41,56.48,33.37,6.73,8415,65.04,32.29,15.92,0.702,1.92,58.07,Moderate
32,59.77,47.0,5.88,11002,119.67,32.59,15.23,0.668,2.17,115.51,High
38,64.59,57.85,7.47,6644,92.77,32.34,13.03,0.599,0.9,131.32,Moderate
32,64.3,24.76,6.72,8146,37.3,32.88,13.01,0.622,1.29,52.62,Moderate
25,63.27,40.82,6.92,8528,62.63,33.52,10.88,0.667,1.11,54.52,Low
40,63.75,72.16,6.76,10920,67.88,33.29,9.0,0.849,0.71,44.1,Low
24,62.28,30.8,9.68,8220,41.52,34.68,15.21,0.862,0.0,5.0,Low
26,52.46,61.92,4.52,13563,40.96,31.54,20.6,0.599,3.91,42.53,High
32,59.87,40.24,6.65,8061,120.22,33.55,19.45,0.653,1.37,113.59,High
41,71.32,56.73,,7834,40.72,33.2,13.35,0.656,0.98,50.99,Low
28,53.05,65.56,6.2,8021,106.51,33.81,15.83,0.825,1.36,158.46,High
31,62.48,59.86,8.13,4813,58.03,33.74,12.28,0.739,0.0,71.35,Low
19,57.44,62.55,8.04,5597,71.18,,12.61,0.732,0.34,74.07,Low
21,64.89,29.57,7.05,7014,89.98,33.33,12.87,0.79,1.56,127.66,High
19,60.89,65.82,6.79,11680,52.85,32.64,15.0,0.642,0.99,88.52,Moderate
20,75.82,34.36,6.97,8407,90.17,33.66,15.1,0.897,1.26,111.33,High
42,68.05,52.15,6.98,7142,10.0,31.79,16.06,0.72,1.09,27.05,Moderate
41,53.51,52.13,7.01,11934,86.07,33.78,16.96,0.609,0.95,97.37,Low
41,69.37,55.76,6.88,12843,10.0,33.18,14.76,0.69,1.76,5.0,Moderate
19,57.8,53.39,7.39,12015,64.74,32.83,15.58,0.88,0.45,65.25,Low
20,59.38,34.5,7.97,6111,99.34,33.03,13.09,0.665,0.47,112.41,Moderate
25,66.51,26.4,5.69,7113,91.91,33.08,12.54,0.843,2.45,124.7,High
33,60.07,61.96,5.89,13578,30.45,34.17,12.2,0.639,2.1,33.5,Moderate
27,71.14,50.97,5.09,9175,34.57,35.5,16.93,0.62,3.39,40.58,High
31,57.8,66.39,8.1,7750,49.96,34.11,14.76,0.806,0.01,23.11,Low
22,59.05,47.28,7.39,10511,77.96,32.78,11.38,0.606,0.58,77.28,Low
38,58.75,25.52,7.68,11320,10.0,33.67,15.36,0.827,0.8,9.01,Moderate
26,59.47,63.46,5.46,6899,71.58,,12.75,0.766,2.98,78.94,High
19,72.79,42.07,9.15,9114,81.97,32.51,19.15,0.606,0.0,95.5,Low
38,69.03,53.47,6.4,11094,62.94,32.25,14.23,0.711,0.24,52.75,High
43,77.68,37.64,7.29,5251,88.81,33.15,17.0,0.649,0.86,111.2,High
18,82.14,74.31,8.08,8534,79.16,33.81,17.9,0.765,0.0,115.13,Moderate
30,55.75,33.97,5.96,5379,54.67,31.99,13.4,0.965,2.02,73.72,Moderate
41,64.56,42.6,6.47,5745,10.04,32.66,15.67,0.672,1.74,18.14,High
37,54.59,49.72,7.31,6923,76.27,33.63,16.72,0.789,0.79,63.66,Low
41,57.78,30.53,10.0,9835,41.5,33.23,15.75,0.723,0.0,21.08,Low
29,58.96,53.29,7.45,7598,53.49,34.26,16.29,0.723,0.46,56.43,Low
28,55.54,73.79,8.95,6684,87.33,32.14,12.57,0.699,0.0,96.65,Low
37,55.58,40.15,8.49,8644,117.35,34.96,16.72,0.609,0.0,129.47,Moderate
22,62.85,54.32,7.52,5288,70.78,32.05,14.43,0.764,0.67,48.93,Low
24,54.27,12.0,5.96,9700,89.73,31.68,16.27,0.682,2.21,78.38,High
34,70.74,47.38,8.32,11667,25.78,33.16,17.52,0.602,0.09,35.73,Low
36,56.66,42.99,5.38,8278,79.86,32.35,16.97,0.852,2.98,108.89,High
21,86.48,34.9,8.94,7932,70.08,33.17,16.27,0.733,0.0,40.25,Moderate
32,60.39,65.3,7.33,9545,111.34,33.14,16.91,0.69,1.02,90.23,Low
28,64.58,42.78,4.05,2820,54.71,33.05,17.01,0.894,4.01,34.8,High
32,53.64,45.16,6.71,10003,64.27,32.57,18.79,0.481,1.96,107.15,Moderate
44,77.65,41.96,7.85,17185,105.88,33.52,15.43,0.885,0.53,81.34,Moderate
20,72.96,17.33,6.83,8156,69.05,32.96,15.86,0.606,0.95,73.37,High
45,66.38,29.89,7.92,8166,36.52,34.03,17.55,0.747,0.89,57.7,Moderate
30,53.23,63.38,6.12,10582,153.65,33.06,14.42,0.644,1.14,77.93,High
39,65.69,14.24,5.6,13106,37.49,32.48,12.56,0.6,2.62,56.77,High
29,55.03,35.74,7.02,11229,69.93,31.93,16.59,0.891,0.74,80.18,Moderate
26,75.7,41.6,7.14,2464,83.09,33.07,15.05,0.961,1.52,79.87,High
39,70.47,75.9,,10077,80.56,32.25,12.84,0.691,1.39,65.68,Low
37,64.76,60.3,8.51,15701,65.93,32.19,16.6,0.764,0.0,60.52,Low
22,45.0,39.09,6.12,10242,66.09,33.6,18.65,0.727,1.78,81.69,High
37,56.13,68.87,7.46,5267,64.48,,11.91,0.945,0.29,54.16,Low
39,69.5,36.15,7.18,9289,36.29,34.26,17.75,0.445,0.71,40.15,Moderate
28,73.7,64.15,5.31,4914,140.81,33.32,9.92,0.769,2.58,119.57,High
43,72.87,26.26,5.58,11951,64.96,33.17,14.62,0.625,2.15,57.18,High
35,51.26,65.17,7.11,5823,91.1,32.42,19.55,0.414,0.98,69.25,Moderate
27,66.41,41.5,9.38,8707,61.29,33.77,14.78,0.673,0.0,42.15,Low
18,72.12,31.54,7.77,6098,60.65,33.2,15.7,0.96,0.0,75.43,Moderate
36,50.73,44.53,5.12,6969,57.43,32.69,17.18,0.635,2.3,37.05,High
23,63.94,52.44,3.52,12661,22.4,33.35,11.72,0.823,4.59,24.14,High
39,66.19,40.08,7.94,8789,66.86,31.94,15.66,0.876,0.24,68.42,Low
32,61.59,56.86,6.99,6934,58.98,31.97,15.64,0.718,1.27,51.03,Low
31,49.18,38.67,8.41,5293,109.49,32.36,19.6,0.736,0.0,80.62,Moderate
22,61.39,57.93,6.09,3259,33.71,33.46,12.78,0.497,2.46,34.43,Moderate
37,61.38,55.08,7.5,4996,53.53,33.2,14.66,0.627,0.85,50.03,Low
22,62.82,47.03,8.07,8813,43.25,33.99,13.46,0.838,0.86,45.38,Low
29,59.49,40.94,6.59,11244,118.16,32.51,13.22,0.728,2.5,50.02,Moderate
41,60.46,50.42,6.61,6931,44.18,33.63,17.98,0.768,0.77,57.22,Moderate
43,63.68,56.8,7.13,12897,89.99,33.11,15.56,0.737,0.1,97.15,Moderate
45,67.54,80.99,7.72,6490,103.05,32.49,14.28,1.0,0.27,104.16,Low
44,61.56,63.03,7.08,7833,67.32,33.49,14.36,0.664,1.09,75.14,Low
33,60.72,63.62,8.22,5477,27.94,,14.26,0.929,0.0,47.4,Low
23,64.74,97.42,6.57,11274,28.35,32.73,14.46,0.737,1.68,13.0,Low
41,48.63,56.26,5.57,14373,99.51,33.23,12.72,0.94,2.33,121.88,High
40,67.82,55.75,9.37,3566,31.66,33.1,14.93,0.561,0.0,44.4,Low
45,64.0,59.26,6.4,7530,84.54,33.08,14.71,0.744,1.41,60.09,Moderate
36,64.32,31.86,6.45,12041,75.66,32.89,13.83,0.669,1.48,69.86,Moderate
21,71.69,40.9,7.02,4448,84.07,32.22,15.84,0.738,1.27,83.89,High
32,48.38,39.9,7.18,10086,87.09,33.26,16.03,0.879,0.65,112.17,Moderate
30,48.21,58.36,6.66,11920,42.12,32.6,14.28,0.769,1.24,17.36,Low
41,66.19,45.21,7.08,8719,40.78,32.43,15.18,0.879,1.12,33.17,Moderate
28,63.94,50.21,7.05,10040,94.88,33.02,20.25,0.633,0.88,94.85,Moderate
27,65.36,65.4,7.3,13430,51.86,33.75,20.16,0.613,1.09,62.26,Moderate
20,60.3,61.81,4.39,13955,10.0,33.34,13.18,0.722,3.29,5.0,High
41,69.31,45.41,9.26,8326,92.76,32.8,13.49,0.715,0.0,95.07,Low
39,71.46,37.28,6.93,7009,38.84,32.77,13.17,0.696,1.18,51.15,Moderate
19,67.87,66.16,7.77,5924,86.95,33.68,17.83,0.595,0.37,59.63,Low
30,61.91,60.38,5.52,11235,116.57,31.4,14.62,0.876,2.18,43.06,High
31,47.14,22.3,6.56,4659,72.54,33.8,16.03,0.673,1.91,81.43,Moderate
31,70.15,42.99,6.33,7792,103.86,31.79,19.89,0.905,2.35,114.1,High
43,73.77,50.65,8.79,8787,76.92,32.14,15.48,0.722,0.0,83.88,Low
22,69.16,60.46,6.43,7091,122.8,32.81,17.05,0.804,2.09,139.46,High
26,56.96,62.56,7.97,9283,38.01,34.83,16.64,,0.0,36.17,Low
23,69.39,52.54,6.35,15680,71.74,34.46,14.21,0.613,2.02,99.27,High
24,70.88,,6.58,8159,93.54,33.73,17.83,0.768,1.12,116.2,High
43,76.47,49.03,,7280,65.91,,13.63,0.971,1.52,66.95,Moderate
44,56.99,37.22,8.58,11342,108.87,31.8,18.45,0.753,0.0,51.4,Low
19,62.19,43.82,4.93,9170,58.17,33.32,14.21,0.837,3.05,76.67,High
35,69.98,48.3,5.59,12530,138.22,32.79,14.45,0.81,2.13,178.38,High
24,64.46,47.45,4.86,8961,139.91,32.59,13.11,0.76,3.06,162.29,High
23,55.06,17.83,5.85,7804,81.03,33.32,13.47,0.744,2.79,102.05,High
26,67.32,41.64,6.17,3505,89.68,32.85,14.56,0.791,1.8,69.46,High
23,68.63,48.9,5.24,3964,110.13,33.85,10.15,0.819,3.5,152.77,High
31,64.7,43.5,6.26,3360,34.01,31.75,14.99,0.544,1.61,33.97,Moderate
45,65.76,44.05,4.78,9562,30.02,33.26,14.38,0.752,3.74,34.04,High
34,61.93,55.81,5.93,4685,112.21,32.54,17.24,0.696,1.5,104.53,High
38,75.83,30.74,8.48,12015,80.77,32.89,16.43,0.669,0.0,60.1,Low
31,56.79,,7.56,8584,64.75,33.43,13.94,0.888,0.25,31.3,Low
18,59.3,42.43,7.32,7816,72.36,32.36,14.49,0.625,1.22,93.8,Moderate
20,64.09,60.23,5.95,6137,10.0,33.32,14.98,0.539,2.12,21.02,Moderate
25,71.03,75.0,5.33,10242,65.9,33.04,18.77,0.823,1.94,35.38,Moderate
24,52.02,60.51,5.79,6247,47.9,32.7,13.69,0.535,1.75,72.69,High
41,53.52,24.51,7.05,5740,101.38,32.85,13.92,,0.6,97.4,Moderate
41,47.7,,8.1,11827,103.84,33.08,13.02,0.838,0.23,142.64,Moderate
41,64.26,52.11,8.14,9492,90.45,32.62,12.24,0.741,0.14,83.37,Low
35,55.05,50.84,7.83,7842,84.65,33.21,16.18,0.781,0.07,78.64,Low
33,60.92,56.63,6.25,10296,24.08,32.99,15.95,0.662,1.56,5.0,Moderate
36,69.29,33.33,7.13,8525,90.9,32.74,18.32,0.54,1.12,160.82,High
29,58.87,49.04,6.73,9572,92.14,34.39,17.79,0.566,0.87,84.35,Moderate
36,65.85,54.73,6.87,6212,111.85,33.51,20.77,0.685,1.29,127.28,High
40,61.61,61.21,9.44,14297,139.78,32.91,15.34,0.555,0.0,138.81,Low
39,69.38,35.11,5.07,6877,17.84,33.31,14.93,0.76,2.83,14.75,High
35,67.8,42.48,,12856,59.57,32.43,12.64,0.66,1.31,54.9,Moderate
19,58.46,12.0,8.49,7971,48.25,32.87,17.03,0.744,0.0,45.46,Low
38,62.65,38.06,5.41,10759,77.52,32.96,15.76,0.74,2.76,103.71,High
28,72.35,39.61,6.36,10555,72.43,32.26,16.93,0.77,1.17,80.73,High
38,67.15,31.69,6.49,11711,64.51,33.49,12.99,0.785,1.72,50.99,Moderate
33,52.82,50.65,6.84,6146,104.88,32.82,16.27,0.675,1.52,79.85,Low
42,69.24,47.1,5.26,11511,36.75,32.93,15.95,0.744,2.85,37.06,High
27,55.32,12.0,7.78,13670,38.68,32.77,15.81,0.751,0.43,52.21,Low
44,75.3,51.45,7.87,7775,39.22,35.42,14.0,0.404,0.1,13.8,Low
41,72.19,33.15,7.68,8597,60.47,32.7,18.12,0.804,0.63,81.36,Moderate
27,66.32,55.77,6.1,7034,32.69,31.65,20.01,0.739,1.92,35.97,High
31,65.26,27.49,7.2,7529,70.45,32.0,13.06,0.793,0.4,70.31,Moderate
32,62.33,48.48,6.07,13291,66.7,33.77,17.08,0.553,2.22,68.59,High
39,69.43,43.47,6.72,5688,46.83,34.2,9.17,0.679,0.71,52.45,Moderate
37,61.03,52.85,9.58,5862,99.96,32.69,16.97,0.578,0.0,84.81,Low
41,65.88,50.0,7.21,13010,70.1,34.16,11.39,0.817,0.66,77.93,Moderate
28,70.98,43.92,5.73,10248,106.0,33.76,14.35,0.537,2.11,112.1,High
32,59.51,23.42,7.31,14437,65.76,33.06,12.61,0.599,0.75,87.01,Moderate
30,59.07,24.36,5.55,7238,71.23,33.0,15.03,0.789,2.21,44.85,High
43,54.45,38.66,5.72,8853,53.99,33.34,17.35,0.638,2.46,51.82,High
26,55.48,,5.9,6650,71.77,33.86,11.41,0.599,2.12,97.55,Moderate
34,49.37,38.27,6.59,8901,94.79,33.5,14.71,0.838,1.19,100.61,Moderate
21,69.84,58.0,8.18,3532,58.84,32.69,14.37,0.843,0.29,58.45,Low
41,78.47,43.53,7.77,10417,88.59,33.07,18.98,0.814,0.31,74.91,Moderate
28,75.4,32.56,7.7,9405,45.99,34.69,16.45,0.83,0.52,69.02,Low
27,50.99,43.55,5.84,8338,96.29,33.39,12.91,0.69,2.66,105.46,High
34,69.8,51.61,6.48,7406,53.44,33.85,14.46,0.693,2.01,56.95,Moderate
31,75.38,53.2,7.41,5994,99.25,33.6,18.92,0.636,0.79,105.27,Moderate
41,60.35,78.05,6.38,10537,73.95,33.41,17.07,0.742,1.52,73.78,Moderate
32,64.81,37.3,6.78,5220,120.67,33.28,13.48,0.651,0.72,115.54,High
32,47.94,46.82,7.61,9933,35.07,33.87,14.91,0.664,0.46,47.34,Low
20,66.13,54.82,6.7,14308,24.76,33.74,14.98,0.798,1.68,29.54,Moderate
18,55.49,47.63,7.36,12659,52.28,33.4,14.32,0.874,0.76,71.74,Low
29,65.6,39.99,8.93,4285,27.69,32.68,11.74,0.772,0.0,37.19,Low
45,51.51,23.21,6.9,6997,27.75,33.49,14.01,0.953,1.4,32.32,Moderate
43,68.34,39.83,8.46,9680,91.89,33.15,18.56,0.628,0.0,89.01,Moderate
35,72.2,30.82,7.74,8303,71.87,32.97,14.66,0.481,0.15,99.07,Moderate
35,57.73,20.37,5.41,4581,56.65,35.21,15.27,0.813,2.93,62.38,High
28,54.9,35.27,5.83,9578,59.62,32.05,15.81,0.62,2.39,59.12,High
22,46.75,31.25,6.14,8471,52.89,33.92,20.38,0.684,1.62,79.99,High
18,61.87,57.34,6.12,13860,124.81,32.55,15.52,0.49,2.33,186.92,High
27,59.35,57.62,7.0,7790,48.46,33.3,17.91,0.603,0.56,54.43,Moderate
26,51.59,33.54,7.81,11770,29.69,35.13,14.18,0.525,0.17,34.13,Low
23,67.62,43.84,,4952,97.47,32.48,14.93,0.664,0.0,91.76,Low
25,60.4,18.27,7.45,5621,65.1,32.66,15.53,0.669,0.26,56.47,Low
18,55.39,40.09,6.59,10520,137.24,33.19,13.8,0.732,1.52,86.54,Moderate
35,59.56,54.38,4.71,11534,55.16,32.56,15.05,0.881,3.75,85.44,High
43,72.57,61.2,7.18,5819,99.07,33.86,17.45,0.808,1.26,75.89,Low
37,68.82,36.59,7.13,8567,106.63,32.8,13.74,0.509,1.12,135.48,High
30,62.96,64.83,7.31,4631,55.32,33.69,15.5,0.799,0.1,35.65,Moderate
29,68.95,23.75,9.52,7992,48.23,32.2,17.06,0.735,0.0,38.08,Low
26,54.71,28.04,8.53,10843,95.72,31.84,13.69,0.707,0.0,58.53,Low
21,64.26,59.35,8.0,7282,90.4,33.03,17.91,0.717,0.0,47.55,Low
34,65.18,74.74,5.99,7802,26.86,32.02,15.66,0.747,1.83,23.04,Moderate
33,60.24,55.89,6.51,5336,35.89,34.34,15.14,0.63,2.16,27.57,Moderate
18,67.48,47.35,6.99,6684,10.0,32.05,11.08,0.696,1.05,16.93,Low
29,57.76,12.88,6.21,13422,91.05,32.42,14.68,0.874,1.98,94.15,High
25,68.08,15.64,7.68,8704,63.62,33.51,16.32,0.628,0.67,84.94,High
22,68.41,50.07,7.51,5693,66.81,32.76,19.34,0.586,0.51,55.32,Moderate
37,45.0,42.27,5.85,7618,17.87,32.06,16.75,0.712,3.06,14.14,Moderate
32,73.52,30.31,8.48,4027,36.86,34.73,17.98,0.573,0.0,30.12,Low
35,45.0,49.05,7.22,5660,56.71,32.45,12.84,0.496,0.57,80.5,Low
37,59.07,49.84,5.11,12308,50.49,33.05,15.22,0.675,2.56,48.35,High
45,72.2,63.11,7.04,8101,75.77,33.04,18.19,0.908,1.51,61.53,Low
40,61.46,50.19,7.42,13794,90.67,33.73,13.55,0.715,0.86,82.15,Moderate
35,52.27,67.65,8.22,8233,144.63,33.55,17.62,0.743,0.0,191.42,High
42,55.25,48.13,6.71,8399,71.36,32.58,17.11,0.443,0.99,102.09,Moderate
31,72.22,46.15,8.05,10294,107.69,32.96,16.1,0.777,0.43,84.27,Low
45,48.63,65.03,7.32,1016,45.44,33.03,14.78,0.732,0.81,34.86,Low
39,73.03,32.34,5.59,9073,18.4,33.76,13.33,0.634,2.91,36.66,High
36,63.56,93.03,5.47,8362,60.73,32.32,19.41,0.743,2.51,53.04,Moderate
43,54.46,54.0,8.39,12660,20.87,34.71,16.89,0.742,0.0,41.02,Low
32,59.34,54.09,8.48,11201,72.47,32.63,16.25,0.582,0.0,79.63,Low
38,55.86,56.4,7.47,5325,47.03,33.19,14.59,0.763,0.31,63.32,Low
25,70.93,78.03,8.82,11977,10.0,32.33,15.58,0.876,0.0,5.38,Low
44,69.86,60.68,8.32,7765,127.55,32.23,15.86,0.69,0.0,176.37,Moderate
35,50.25,22.32,7.89,5967,54.8,32.54,16.38,0.607,0.29,40.81,Low
39,60.77,70.46,6.05,9051,19.6,32.47,17.12,0.697,2.21,22.84,Moderate
30,57.09,42.55,9.09,7932,100.74,32.89,13.78,0.831,0.0,136.1,Low
42,74.35,49.71,7.72,12807,48.68,32.47,12.27,0.561,0.52,56.07,Low
20,53.2,27.53,6.66,9453,106.89,33.72,15.69,0.795,1.3,104.09,Moderate
21,76.83,56.42,6.33,9075,48.53,32.61,11.66,0.632,2.21,61.02,High
32,63.73,37.58,7.4,11021,54.69,32.53,14.79,0.751,0.92,53.75,Low
38,54.7,49.6,5.18,11560,83.03,32.91,14.38,0.647,3.31,111.39,High
40,58.58,43.45,7.9,10694,90.98,33.94,16.58,0.646,0.6,91.96,Moderate
30,57.59,78.8,6.0,12474,96.59,33.36,19.86,0.918,1.95,146.16,High
36,53.8,79.72,7.53,10204,69.13,33.13,11.22,0.537,0.61,48.52,Low
33,64.76,48.74,6.5,8969,88.92,32.13,20.5,0.783,1.77,80.6,High
44,54.18,49.02,6.8,11969,95.86,32.34,14.99,0.945,0.8,57.43,Moderate
36,46.56,42.02,6.23,8245,78.42,32.24,16.27,0.809,1.38,94.25,Moderate
29,60.96,65.7,6.91,8593,67.43,34.18,12.39,0.547,0.63,36.29,Moderate
45,49.58,42.74,9.27,13320,25.75,33.6,17.69,0.553,0.0,27.3,Low
21,57.98,41.26,8.69,13041,91.17,32.55,15.59,0.622,0.0,65.79,Low
45,56.73,63.66,7.51,8477,73.35,32.78,15.36,0.741,0.0,102.65,Low
22,57.03,39.39,7.07,7230,58.76,32.58,11.24,0.749,0.98,43.14,Moderate
26,80.01,47.4,8.07,12596,112.89,32.54,15.66,0.555,0.0,71.47,Moderate
41,64.45,22.7,8.4,10741,26.31,33.55,17.36,0.607,0.01,24.49,Low
38,65.96,59.27,6.15,9383,124.61,,14.98,0.615,2.56,189.35,High
45,49.79,79.05,7.01,7598,71.29,34.76,18.08,0.697,1.15,75.07,Low
38,58.77,59.54,5.0,9428,82.16,34.14,17.99,0.978,2.75,65.99,Moderate
35,65.72,71.39,8.39,8439,59.36,34.18,14.09,0.599,0.0,89.36,Low
27,55.8,34.46,9.47,6639,18.65,33.7,19.01,0.593,0.0,11.56,Low
18,71.26,51.78,7.19,8861,67.53,32.88,15.6,0.573,0.72,82.77,Moderate
21,54.38,,4.66,9243,82.71,33.65,15.61,0.803,3.04,78.75,High
26,61.71,44.36,7.8,7448,93.64,32.94,15.72,0.715,0.04,110.43,Moderate
19,59.31,60.36,,11030,65.66,34.42,15.65,0.603,1.88,68.24,Moderate
32,65.31,49.63,6.34,12108,10.0,33.5,9.71,0.673,1.94,5.0,Moderate
39,58.88,25.4,7.82,11215,22.67,33.4,15.09,0.617,0.36,37.13,Low
44,61.83,26.96,7.39,7726,137.66,33.3,12.5,0.758,1.25,192.21,High
31,62.11,25.9,6.54,10616,37.04,34.51,19.08,1.0,1.7,32.88,Moderate
42,58.12,55.86,6.35,8718,117.67,,18.99,0.792,1.8,58.77,High
45,67.88,81.02,7.24,5039,42.11,34.58,17.37,0.708,0.65,27.47,Low
42,65.91,69.8,6.63,10383,66.16,33.06,14.98,0.634,1.01,60.17,Moderate
31,63.29,17.66,5.82,8909,92.01,32.15,13.28,0.545,1.98,71.61,High
27,60.56,70.74,6.72,15761,45.75,32.64,14.05,0.815,1.04,39.78,Low
45,70.37,62.98,7.49,12580,122.95,31.96,19.77,0.808,0.0,99.39,Moderate
24,62.11,23.28,6.9,10491,74.42,33.69,13.98,0.659,0.75,118.88,Moderate
29,61.55,43.15,5.47,9197,86.75,32.42,10.32,0.878,3.09,100.56,High
20,64.84,65.53,8.24,8958,63.44,33.33,17.77,0.723,0.0,89.45,Moderate
40,77.57,56.81,3.95,5689,93.08,34.05,18.8,0.821,3.92,80.27,High
36,53.28,27.05,6.59,3630,122.52,32.7,19.15,0.759,1.55,74.69,High
20,70.16,57.77,6.39,6056,67.8,33.0,17.78,0.697,0.93,39.9,Moderate
24,48.85,13.8,7.27,8366,127.35,32.22,18.14,0.596,0.83,83.17,High
33,65.74,44.43,7.75,2604,52.43,32.91,15.62,0.701,0.7,52.93,Low
33,76.6,66.21,8.4,6975,96.45,35.13,10.93,0.829,0.0,118.83,Low
40,67.91,48.29,6.28,7806,87.65,33.78,15.56,0.654,1.1,57.89,Moderate
25,65.37,40.02,7.77,7896,37.81,33.0,16.87,0.777,0.08,63.29,Low
43,59.52,62.23,7.33,6647,78.84,32.74,15.2,0.579,1.12,119.62,Moderate
30,64.25,63.6,5.13,7543,72.24,33.17,15.1,0.821,2.96,100.9,High
41,61.98,68.96,9.29,13326,44.7,33.3,13.38,0.761,0.0,73.85,Low
24,57.71,61.99,5.45,10354,83.46,32.89,13.3,0.564,3.38,70.85,High
19,61.68,65.3,7.58,6931,76.68,33.6,19.54,0.691,0.0,91.6,Moderate
19,65.59,59.73,7.55,8308,69.68,32.48,19.62,0.841,0.37,75.08,Moderate
28,57.86,52.25,7.42,8420,69.81,32.48,15.49,0.556,0.22,61.14,Low
44,57.55,49.43,6.53,6349,69.12,33.48,16.12,0.581,1.11,71.89,Moderate
19,53.12,44.2,8.05,6346,60.23,32.32,13.34,0.711,0.0,35.73,Low
28,67.13,28.6,5.31,11329,76.47,33.75,16.91,0.997,2.92,59.86,High
21,68.36,32.72,7.02,7324,51.39,33.19,19.37,0.633,1.43,63.25,High
44,65.85,43.49,6.45,5434,157.02,31.83,12.14,,1.41,179.53,High
36,71.72,51.86,6.32,8379,26.9,33.28,16.52,0.754,1.33,21.79,Moderate
39,64.7,71.05,7.59,8830,53.29,31.94,16.69,0.643,0.57,62.18,Low
37,67.14,47.33,8.34,2976,55.82,33.72,16.66,,0.0,60.88,Low
36,66.43,64.06,6.71,8385,137.3,33.01,19.11,0.662,1.38,148.97,High
39,63.27,65.27,8.0,10930,29.76,34.59,19.98,0.673,0.1,52.07,Low
18,59.75,44.3,7.16,9763,85.63,,14.99,0.504,0.8,76.57,Moderate
42,81.71,57.52,6.07,14743,79.95,32.4,16.98,,1.96,82.95,High
38,60.38,44.1,6.8,12003,82.68,31.68,15.69,0.837,1.13,107.53,High
38,58.67,69.15,6.76,12557,111.56,32.63,14.11,0.727,1.62,144.9,High
29,67.47,58.17,6.3,16340,110.91,32.28,16.1,0.862,2.48,122.67,High
40,66.01,28.95,7.59,10622,57.57,34.57,16.98,0.795,0.47,81.5,Moderate
28,52.76,50.58,7.37,8956,78.21,33.19,15.98,0.712,0.63,90.78,Low
19,72.98,74.37,5.27,11226,12.35,33.9,13.56,0.638,2.82,21.15,Moderate
43,63.25,45.1,5.2,6934,75.17,32.99,14.48,0.657,2.57,99.81,High
24,55.11,55.16,7.59,8801,46.59,33.07,14.5,0.529,0.68,49.13,Low
20,73.51,,6.16,6686,66.04,33.18,13.65,0.685,1.99,72.15,High
35,69.01,31.41,7.45,9614,18.07,34.03,16.19,0.739,0.41,21.46,Moderate
24,53.88,56.17,8.0,6674,84.96,33.43,16.42,0.943,0.32,75.11,Low
42,78.22,25.7,5.64,6576,17.71,32.41,17.65,0.789,2.37,26.04,High
30,69.27,37.99,5.48,9657,76.75,34.42,13.61,0.608,2.18,77.03,High
18,63.92,65.21,9.03,8114,32.75,32.98,14.23,0.533,0.0,50.63,Low
44,76.72,53.71,7.5,3102,44.81,32.86,18.92,0.693,0.58,39.74,Low
32,65.27,43.13,6.62,4424,108.95,31.08,15.14,0.826,1.72,51.84,Moderate
25,63.78,55.14,6.03,5287,90.81,33.68,15.57,0.691,2.27,58.2,Moderate
36,58.72,47.04,6.51,6027,108.77,33.28,15.11,0.79,1.45,103.91,High
32,68.65,48.2,5.73,9660,121.91,33.27,17.99,0.696,2.1,93.43,High
18,67.81,58.51,8.12,9113,47.27,32.9,18.08,0.813,0.0,40.39,Low
39,64.12,36.36,6.21,11482,119.97,32.77,17.95,0.512,1.92,108.2,High
29,57.68,48.65,8.36,10607,25.1,32.92,15.56,0.929,0.0,48.29,Low
37,65.04,43.0,6.64,11501,95.88,,13.58,0.575,1.47,99.75,Moderate
43,63.44,22.63,5.9,10203,56.21,33.68,19.74,0.823,2.07,61.09,High
35,53.33,33.27,6.61,9087,42.23,33.03,17.38,0.685,1.74,31.54,Moderate
36,52.23,73.09,4.08,11578,91.66,33.91,14.5,0.705,3.68,103.03,High
25,68.52,54.16,6.96,11074,102.24,33.14,18.63,0.689,1.91,106.68,High
24,45.0,26.82,6.9,9553,101.29,32.82,14.32,0.753,1.36,112.18,Moderate
29,65.64,23.35,8.05,12059,78.88,33.35,18.6,0.779,0.0,96.09,Moderate
41,60.18,46.21,,1931,76.22,32.18,18.75,0.858,3.13,87.43,High
32,74.47,72.98,8.44,7686,88.86,33.37,13.47,0.903,0.0,106.37,Low
27,60.05,45.01,8.04,7643,81.72,32.04,16.78,0.763,0.0,86.89,Low
39,69.28,,8.54,11727,89.32,32.43,17.22,0.943,0.0,108.61,Low
41,60.82,53.63,7.04,12899,78.53,31.69,21.25,0.732,0.6,35.99,Moderate
43,64.91,55.54,8.27,4439,98.97,33.07,13.87,0.86,0.0,91.9,Low
26,69.89,26.63,5.41,12451,19.93,34.41,18.65,0.776,1.98,9.68,High
37,60.3,63.0,,5219,67.8,33.11,15.54,0.649,0.0,88.48,Moderate
34,71.97,42.64,6.21,5304,27.72,33.68,12.77,0.744,1.97,6.36,Moderate
30,56.05,61.81,5.2,7844,80.85,34.96,15.24,0.785,2.72,55.38,High
29,66.36,34.97,5.81,7609,124.54,33.5,15.51,0.716,1.95,123.4,High
21,71.38,50.83,,4136,56.83,32.63,13.17,0.774,0.72,50.92,Moderate
25,69.28,53.63,6.15,10319,76.07,32.73,16.19,0.832,1.33,46.67,Moderate
33,79.33,45.54,7.53,10402,96.21,33.2,17.61,0.717,0.64,110.06,High
42,57.89,54.47,5.02,11451,10.0,32.73,16.02,0.35,2.7,5.0,High
42,52.97,43.74,4.65,7286,55.29,32.78,14.31,0.938,3.16,53.91,High
23,56.05,37.62,8.68,8389,83.66,33.94,15.17,0.681,0.0,60.3,Low
37,69.28,73.69,8.14,8414,10.0,33.97,15.49,0.613,0.0,8.11,Low
20,67.98,64.78,5.89,13226,40.74,31.96,15.98,0.574,1.86,75.13,Moderate
36,64.82,35.83,7.1,1000,107.23,32.59,17.94,0.676,0.21,71.2,Moderate
27,55.02,57.1,8.27,5820,104.1,32.85,16.1,0.647,0.0,74.67,Low
30,70.13,36.12,7.58,8515,83.98,33.65,12.41,0.624,0.45,66.81,Moderate
38,54.2,29.05,7.27,5460,100.23,34.06,14.26,0.631,0.55,90.23,Moderate
29,73.27,64.54,8.36,7776,78.88,,15.87,0.789,0.0,70.0,Low
40,86.86,20.73,6.26,8146,89.77,32.85,17.97,0.984,1.74,132.52,High
32,66.93,62.83,7.14,6658,61.9,32.89,18.36,0.827,1.03,73.28,Moderate
45,68.66,43.96,7.08,8680,75.71,33.64,19.4,0.866,0.95,84.69,Moderate
35,60.06,44.62,6.79,10258,51.76,32.69,15.79,0.671,1.79,48.21,High
26,49.52,54.56,6.65,7838,112.43,33.09,17.18,0.734,1.59,86.1,High
39,59.18,57.3,7.18,7231,120.69,32.89,12.3,0.775,0.78,111.46,Moderate
29,55.26,34.78,7.14,8035,116.16,31.23,16.45,0.634,1.12,111.67,High
32,52.42,59.48,5.89,8479,58.94,33.29,13.13,0.665,2.12,52.76,High
21,77.78,49.81,8.02,3627,41.48,33.06,15.36,0.831,0.0,48.84,Low
21,66.18,27.9,5.98,9792,112.86,34.15,22.17,0.862,2.48,105.0,High
34,67.04,45.28,6.85,7237,89.41,33.2,16.17,0.729,0.84,65.69,Moderate
23,61.53,70.1,6.76,12032,82.51,32.26,13.6,0.565,1.25,42.9,Low
45,62.62,74.83,7.51,10154,51.72,33.01,16.4,0.682,0.9,57.31,Low
41,71.72,,4.66,11776,85.62,31.63,14.36,0.533,3.45,71.99,High
37,63.74,28.95,8.12,5669,37.27,,13.39,0.73,0.0,28.38,Low
38,68.25,55.85,6.32,7460,92.29,33.68,20.13,0.753,1.08,73.23,High
34,62.43,61.61,8.5,5021,116.12,33.01,17.85,0.685,0.0,98.78,Moderate
19,61.26,59.61,6.55,6525,124.19,33.89,16.26,0.751,2.18,134.75,High
28,52.74,60.56,7.04,12005,94.67,31.72,14.64,0.774,1.06,94.87,Moderate
31,48.18,53.81,9.3,12664,27.78,33.02,14.82,0.753,0.0,35.1,Low
43,61.91,46.84,6.78,5285,78.31,32.84,18.89,0.564,1.34,66.25,High
24,64.45,38.27,8.52,7216,140.47,33.92,16.17,0.687,0.0,117.36,Moderate
31,53.71,17.63,7.14,8286,44.2,33.7,9.0,0.773,0.74,57.3,Low
27,63.72,53.43,7.58,10139,70.11,33.68,20.83,0.925,0.09,67.56,Moderate
21,64.43,50.98,7.18,3572,117.23,34.36,15.9,0.685,0.32,163.71,High
20,46.75,56.92,8.08,4011,91.75,32.92,16.26,0.792,0.0,137.39,Low
28,56.68,26.6,6.31,9870,151.37,34.2,17.89,0.834,1.13,167.43,High
20,67.26,58.32,5.97,3042,48.55,32.42,16.52,0.694,2.39,27.77,Moderate
19,67.1,80.87,6.37,7248,40.33,32.39,17.14,0.869,1.29,66.15,Moderate
27,54.77,49.26,7.21,8953,111.17,33.76,14.57,0.876,0.97,114.16,Moderate
23,65.27,47.01,6.85,9663,33.73,32.07,12.79,,1.49,30.14,Low
33,72.18,52.94,7.92,8103,65.7,33.63,16.12,,0.09,55.64,Low
18,70.22,80.52,8.6,7475,69.9,33.28,18.65,1.0,0.0,43.56,Low
26,63.24,31.62,5.98,10864,105.15,34.0,14.07,0.64,2.07,93.66,High
30,60.26,51.25,6.26,9298,91.66,,13.9,0.996,1.6,128.27,Moderate
44,58.97,35.21,5.45,6688,86.63,33.24,18.19,0.82,2.97,63.74,High
35,67.74,39.25,9.43,8605,59.12,33.58,14.49,0.894,0.0,49.59,Low
42,65.56,47.21,7.45,9572,110.88,32.7,14.6,0.678,1.06,90.55,Moderate
27,69.04,69.56,7.65,13311,180.0,32.67,14.68,0.83,0.0,173.52,High
30,65.05,76.82,5.56,10701,94.12,33.56,15.36,0.906,2.29,91.53,High
29,70.55,55.17,7.1,11900,75.19,33.18,12.04,0.579,0.9,54.35,Moderate
42,64.76,41.97,7.69,6790,30.47,32.89,14.31,0.699,0.48,25.1,Moderate
44,70.28,87.88,6.81,7032,51.6,33.14,16.01,0.442,0.59,64.14,Moderate
44,70.97,41.16,8.34,7840,65.16,34.4,15.99,0.697,0.0,66.84,Moderate
39,57.56,38.86,9.76,8097,54.89,32.87,18.05,0.614,0.0,74.56,Low
32,49.53,19.6,6.01,5677,71.49,32.85,19.55,0.692,1.79,80.07,High
33,76.35,70.34,5.92,12044,128.9,31.92,18.83,1.0,1.55,132.44,High
45,66.05,63.49,6.09,10973,111.91,33.17,17.51,0.943,1.52,133.6,High
25,50.28,86.68,8.95,7644,66.92,33.69,15.17,0.533,0.0,53.15,Low
27,58.29,25.77,8.3,10296,33.34,33.83,14.13,0.792,0.0,39.35,Low
43,70.17,71.33,6.94,9124,114.8,33.28,15.54,0.824,1.14,140.9,High
28,61.76,,7.14,10515,70.43,33.92,16.79,0.676,0.52,74.99,Moderate
24,59.9,60.9,6.16,4735,16.75,33.75,17.31,0.743,1.23,26.22,Moderate
33,75.21,21.64,8.12,8092,94.8,34.03,16.87,0.756,0.38,82.32,Moderate
27,55.62,71.49,6.66,8337,104.82,33.94,15.23,0.545,1.48,59.87,Moderate
42,57.61,60.58,6.8,10246,10.0,34.38,17.23,0.586,1.08,27.46,Low
43,65.69,47.38,7.8,6740,45.61,33.07,18.27,0.742,0.02,60.31,Low
26,67.12,58.32,6.88,1500,68.47,32.2,17.44,0.733,1.63,51.15,Moderate
32,67.97,35.75,6.83,5471,95.5,33.7,15.43,0.628,1.38,141.94,High
45,71.29,38.73,7.11,8329,55.5,33.79,13.67,0.617,1.29,44.08,Moderate
38,65.59,40.58,8.01,8678,45.37,34.38,13.61,0.708,0.0,62.65,Low
24,67.92,18.36,8.99,13214,95.27,34.16,14.0,0.835,0.0,78.21,Low
34,61.93,61.79,7.77,10131,57.01,34.66,16.07,0.71,0.37,39.41,Low
35,64.5,,8.02,8728,89.35,33.66,16.64,0.931,0.0,75.24,Low
36,64.86,36.78,6.87,8409,36.43,33.37,12.39,0.63,1.1,21.77,Moderate
18,65.72,53.57,6.29,11591,28.73,32.16,14.39,0.745,1.51,30.33,Moderate
26,70.18,43.75,7.85,6847,96.17,33.43,16.04,0.674,0.29,97.76,Low
41,68.44,53.25,7.3,8107,80.08,32.79,13.52,0.796,0.24,91.16,Moderate
24,64.35,37.96,5.46,5450,101.52,33.36,16.45,0.618,2.74,62.07,High
26,57.53,33.87,6.72,12472,54.96,33.24,14.82,0.971,1.39,65.84,High
27,64.54,64.83,7.0,9598,46.56,33.55,13.91,0.5,0.92,34.74,Low
22,63.78,46.98,6.51,6518,115.54,33.13,15.62,0.943,1.64,82.13,Moderate
22,65.55,80.35,8.8,8179,23.27,33.9,16.36,0.732,0.0,52.73,Low
27,81.65,48.74,7.65,9927,112.05,31.16,13.63,0.792,0.11,115.81,High
42,59.81,33.18,8.68,7797,114.26,33.34,14.97,0.893,0.0,122.86,Moderate
18,67.38,67.63,7.4,7003,99.52,34.1,16.53,0.831,0.8,123.86,High
25,72.55,58.09,7.19,6668,49.99,34.6,13.82,0.625,0.63,58.84,Moderate
19,64.78,59.63,6.02,9449,45.87,33.75,11.85,0.798,1.77,63.99,Moderate
33,82.7,67.05,7.11,7497,65.28,34.46,12.12,0.963,0.82,48.43,Low
25,60.98,37.56,7.12,7229,30.56,33.33,14.58,,0.69,43.09,Moderate
40,66.59,45.96,5.53,4759,41.23,33.2,12.6,0.995,3.01,51.26,High
34,57.61,45.26,6.48,8717,92.63,33.6,14.74,0.77,1.63,79.24,High
39,61.19,27.35,6.73,7992,92.78,33.2,19.16,0.664,1.28,58.93,Moderate
35,65.99,43.78,7.58,7599,38.41,32.61,12.47,0.604,0.1,5.0,Low
30,70.77,69.38,7.63,9056,93.64,32.81,14.88,0.691,0.63,102.07,Moderate
42,66.55,51.8,6.43,10594,86.54,32.37,20.19,0.466,1.35,150.81,High
31,74.07,26.46,7.64,10464,120.32,33.6,16.4,0.666,0.13,122.81,High
44,63.24,23.11,6.89,10047,90.21,33.21,14.69,0.686,1.38,85.95,Moderate
45,61.34,74.64,3.8,7826,105.87,32.93,15.15,0.58,4.34,102.88,High
34,85.63,46.55,,6912,87.27,32.77,16.44,0.817,0.58,45.98,Moderate
36,67.15,37.64,8.34,5577,103.36,33.58,19.23,0.692,0.0,134.38,High
25,58.24,43.62,,6839,30.81,33.79,14.33,0.637,2.88,25.07,High
40,58.45,24.36,7.23,8555,68.1,32.35,13.83,0.678,0.65,127.05,High
36,56.46,70.77,8.92,6298,70.75,32.23,12.47,0.766,0.0,78.27,Low
43,71.49,41.71,6.23,8768,64.2,33.92,15.73,0.73,1.14,86.82,High
25,61.08,69.88,7.1,5796,86.2,32.17,12.41,0.629,0.0,79.47,Low
40,65.02,48.83,5.6,3849,92.3,33.61,14.48,0.736,2.06,96.51,High
31,63.49,70.87,8.97,10794,84.55,34.41,13.5,0.713,0.0,62.15,Low
23,69.85,52.11,7.0,7171,66.34,34.41,17.86,0.572,0.0,60.34,Low
22,57.23,61.65,7.15,6156,48.46,33.75,14.38,0.682,0.55,65.68,Low
33,55.4,59.51,8.66,5437,107.11,33.73,16.37,0.795,0.0,102.89,Low
26,65.79,57.97,7.86,9684,83.19,34.89,11.97,0.794,0.05,103.37,Low
20,68.81,53.57,6.09,12349,39.4,31.45,15.79,0.69,2.59,32.58,Moderate
29,66.66,44.27,6.36,7371,65.8,32.85,12.85,0.808,1.57,30.53,Moderate
36,57.52,78.65,,7896,16.21,33.84,14.56,0.593,0.29,24.93,Low
26,69.42,33.49,6.38,11500,73.13,32.95,20.36,0.597,1.91,72.12,High
44,58.05,48.07,4.67,3430,65.65,34.13,17.55,0.687,3.34,76.53,High
39,59.83,48.24,7.04,14007,53.62,33.17,15.22,0.915,0.89,68.48,Moderate
32,56.45,54.44,5.4,15343,122.71,33.3,22.54,0.741,2.93,117.8,High
44,74.41,41.13,8.96,1000,35.0,32.99,13.49,0.684,0.0,49.37,Low
30,69.07,53.04,7.3,8226,94.6,32.81,18.06,0.921,0.8,99.18,Moderate
21,68.84,45.3,6.06,6486,141.97,32.79,12.13,0.683,1.89,157.87,High
19,73.98,22.69,6.3,7758,106.47,33.4,14.96,1.0,1.58,120.74,High
44,86.5,48.15,4.93,7328,70.99,32.62,12.53,0.654,3.39,93.9,High
44,50.33,30.39,5.84,10772,35.71,33.91,16.07,0.588,2.05,57.72,High
38,58.09,20.25,8.27,8184,28.41,33.69,15.62,0.698,0.16,37.97,Low
20,59.07,50.19,9.67,5949,58.83,34.02,14.82,0.688,0.0,64.62,Low
26,57.19,,7.94,8017,50.02,32.35,17.9,0.615,0.57,38.67,Low
19,55.38,56.43,6.99,9941,48.97,31.93,14.25,1.0,1.17,35.44,Low
19,61.6,57.07,6.6,5185,61.56,33.2,16.22,0.761,1.06,23.6,Moderate
24,54.27,17.08,6.0,3890,68.73,35.37,17.31,0.78,2.18,80.8,High
34,66.68,26.22,9.47,14079,87.53,34.15,12.24,0.66,0.0,50.54,Low
19,64.41,79.58,6.88,6701,32.39,32.78,13.85,0.645,1.13,20.45,Low
45,67.85,31.24,9.53,8115,50.17,,15.62,0.853,0.0,56.16,Low
30,68.06,57.77,8.7,7386,66.89,33.75,16.89,0.502,0.0,86.81,Low
25,68.82,,5.1,10034,65.74,32.17,18.63,0.571,3.23,57.92,High
32,61.01,49.27,6.33,13463,130.77,34.23,15.03,0.688,1.85,102.03,High
40,80.97,37.87,6.33,10123,79.43,33.07,14.8,0.896,1.28,74.68,High
26,65.88,56.98,7.01,4248,20.37,33.13,13.58,0.671,0.62,15.25,Low
19,49.1,50.19,7.03,4624,85.38,33.22,16.23,0.774,1.06,52.39,Moderate
19,55.98,40.83,10.0,7382,89.46,34.06,14.85,0.724,0.0,126.86,Low
41,50.08,31.2,5.86,7748,68.0,32.63,14.9,0.889,1.9,37.9,Moderate
21,64.14,52.28,7.36,3678,33.17,31.92,15.29,0.514,1.19,34.34,Low
35,63.03,28.6,7.81,10794,128.26,33.44,16.71,0.816,0.48,114.62,High
28,60.25,54.84,7.1,5458,37.76,31.67,14.26,0.694,0.68,52.69,Moderate
39,80.09,90.02,7.23,12681,93.14,32.97,13.8,0.84,0.52,59.39,Moderate
19,68.39,69.6,5.9,13597,78.4,34.09,16.45,0.613,2.02,102.51,High
43,69.81,59.49,7.22,7804,91.23,33.63,9.0,0.723,0.66,82.52,Low
37,56.55,46.63,7.69,9729,126.62,33.98,14.17,0.707,0.75,109.19,Moderate
30,56.01,16.98,7.48,5050,89.97,33.67,12.97,0.59,0.87,70.68,Moderate
23,64.29,26.84,7.76,10246,54.12,35.01,18.15,0.554,0.26,91.08,Moderate
45,65.38,68.52,8.72,7105,107.39,32.76,14.53,0.645,0.0,116.45,Low
26,49.15,35.36,8.18,5455,51.8,33.5,14.27,0.737,0.11,65.92,Low
31,62.56,36.81,7.18,7689,77.23,32.87,15.39,0.622,0.84,92.57,Low
29,64.11,45.35,,7195,30.62,33.92,14.19,0.677,2.39,34.82,Moderate
24,62.28,31.01,6.41,7589,38.94,33.15,14.61,0.475,1.8,37.43,Moderate
29,57.49,,6.85,11159,73.64,34.49,15.71,0.672,1.32,69.25,Moderate
22,59.68,47.19,7.39,6301,83.78,32.8,14.57,0.853,0.34,78.04,Moderate
18,62.59,33.74,6.55,13358,17.52,34.26,14.56,0.812,1.21,7.32,Moderate
26,64.73,36.14,6.02,4789,87.91,33.64,13.28,0.709,1.88,74.21,High
21,68.84,35.5,5.73,13023,45.78,33.18,12.96,0.752,2.02,40.87,Moderate
29,72.65,,5.2,5653,112.95,33.61,15.63,0.612,2.28,101.12,High
42,61.65,44.29,6.83,8497,60.74,33.4,16.17,0.931,1.41,90.09,Moderate
22,60.35,45.14,5.41,7127,36.04,33.47,12.36,0.989,2.71,47.49,Moderate
18,67.5,57.55,5.95,7537,74.43,33.04,17.17,,1.58,66.99,High
21,68.89,45.73,6.65,10743,42.68,32.67,17.18,1.0,1.27,66.06,Moderate
32,60.53,43.55,5.56,12699,112.61,32.95,17.64,0.632,2.37,73.71,High
25,70.32,55.53,7.54,11833,72.02,31.94,16.16,0.557,0.53,60.83,Low
31,71.84,58.69,7.95,7366,67.15,33.83,16.9,0.628,0.0,84.11,Moderate
18,74.33,45.65,6.47,9015,90.94,,20.31,0.691,1.06,125.15,High
27,78.23,49.29,6.6,6310,39.84,33.04,14.84,1.0,1.58,67.69,High
29,57.07,35.49,7.72,5723,30.75,33.69,13.2,0.683,0.0,32.76,Low
30,64.11,34.23,6.28,5290,85.07,33.83,12.13,0.608,1.64,84.9,Moderate
33,64.09,60.31,6.2,7274,36.81,31.87,19.36,0.603,1.69,34.11,High
39,63.22,55.12,8.48,9198,36.8,33.13,19.39,0.868,0.0,50.79,Low
31,58.81,55.28,8.12,3146,98.78,33.54,13.47,0.85,0.0,110.72,Low
41,52.12,52.49,7.79,8370,88.8,33.24,13.9,0.657,0.77,103.14,Low
